id,name,slug,category,alternative_names,tags,hardness,hardness_hb,hardness_hrc,hardness_hv,density,melting_point_celsius,tensile_strength_mpa,yield_strength_mpa,composition,microstructure,material_type,hardness_category,work_hardening,magnetic,corrosion_resistance,heat_treatment,annealing_temperature_celsius,solution_treatment_temp_celsius,aging_temperature_celsius,special_notes,preparation_notes,sectioning_notes,mounting_notes,grinding_notes,polishing_notes,etching_notes,recommended_grinding_sequence,recommended_polishing_sequence,common_etchants,microstructure_image_url,material_image_url,astm_standards,iso_standards,related_guide_slugs,related_material_ids,similar_materials,applications,typical_uses,detailed_description,status,featured,sort_order,view_count,save_count,created_at,updated_at
6c88d08d-2046-4013-946e-d69755490e97,1100 Aluminum,1100-aluminum,Aluminum Alloy,"[""1100"",""AA1100"",""Pure Aluminum""]","[""pure-aluminum"",""non-heat-treatable"",""electrical""]",23 HB,23,,,2.71,643,90,35,Al-99.0Al-0.12Cu,Alpha aluminum,metal,soft,true,false,high,Annealed,345,,,,,Use slow-speed diamond saw with coolant,Cold mounting with epoxy resin,"Start with 240 grit SiC, progress through 320, 400, 600",Use 6μm and 1μm diamond paste on napless cloth,Keller's reagent for 10-20 seconds,"[""240"",""320"",""400"",""600""]","[""6μm diamond"",""1μm diamond""]","[""Keller's Reagent"",""0.5% HF""]",,,,,,,,"[""Electrical"",""Food processing"",""General fabrication""]","[""Electrical conductors"",""Food containers"",""Sheet metal""]",Commercially pure aluminum with excellent electrical conductivity and corrosion resistance. Used in electrical and food applications.,published,false,27,0,0,2025-12-04 23:17:52.687032+00,2025-12-04 23:17:52.687032+00
f95d7dfe-2136-4aae-a9a3-969bb917ac69,15-5 PH Stainless Steel,15-5-ph-stainless-steel,Stainless Steel,"[""15-5 PH"",""AISI 630"",""UNS S15500""]","[""precipitation-hardening"",""high-strength"",""aerospace""]",363 HB,363,40,,7.8,1400,1310,1170,Fe-15Cr-4.5Ni-3.5Cu-0.07C,Martensite with Cu-rich precipitates,alloy,very-hard,false,true,high,Solution treated and aged,1040,,,,,Use abrasive cutoff wheel with coolant,Cold mounting with epoxy resin,"Start with 120 grit SiC, progress through 240, 320, 400, 600",Use 6μm and 1μm diamond paste on napless cloth,Glyceregia or electrolytic 10% oxalic acid,"[""120"",""240"",""320"",""400"",""600""]","[""6μm diamond"",""1μm diamond""]","[""Glyceregia"",""Electrolytic 10% Oxalic""]",,,,,,,,"[""Aerospace"",""Defense"",""Medical""]","[""Aircraft components"",""Medical devices"",""Defense applications""]",Precipitation-hardening stainless steel with excellent strength and corrosion resistance. Similar to 17-4 PH but with improved properties.,published,false,23,0,0,2025-12-04 23:23:46.973681+00,2025-12-04 23:23:46.973681+00
746128d3-49ab-42eb-b0c3-0c635baa4dce,17-4 PH Stainless Steel,17-4-ph-stainless-steel,Stainless Steel,"[""17-4 PH"",""630"",""AISI 630"",""EN 1.4542""]","[""precipitation-hardening"",""high-strength"",""aerospace""]",363 HB,363,40,,7.8,1400,1310,1170,Fe-16Cr-4Ni-4Cu-0.07C,Martensite with Cu-rich precipitates,alloy,very-hard,false,true,high,Solution treated and aged,1040,,,,,Use abrasive cutoff wheel with coolant,Cold mounting with epoxy resin,"Start with 120 grit SiC, progress through 240, 320, 400, 600",Use 6μm and 1μm diamond paste on napless cloth,Glyceregia or electrolytic 10% oxalic acid,"[""120"",""240"",""320"",""400"",""600""]","[""6μm diamond"",""1μm diamond""]","[""Glyceregia"",""Electrolytic 10% Oxalic""]",,,,,,,,"[""Aerospace"",""Nuclear"",""Chemical processing""]","[""Turbine blades"",""Shafts"",""Valves""]",Precipitation-hardening stainless steel with excellent strength and corrosion resistance. Used in demanding applications.,published,true,13,0,0,2025-12-04 23:13:34.7156+00,2025-12-04 23:13:34.7156+00
4086604a-1119-49b1-b13c-6a26bf3d1ca1,2011 Aluminum,2011-aluminum,Aluminum Alloy,"[""2011"",""AA2011"",""AlCu6BiPb""]","[""free-cutting"",""machinable"",""copper-alloy""]",95 HB,95,,,2.83,540,310,165,Al-5.5Cu-0.4Bi-0.4Pb,Alpha aluminum with Cu-Mg precipitates and lead particles,alloy,soft,true,false,low,Solution treated and aged (T6 temper),510,,,,,Use slow-speed diamond saw with coolant,Cold mounting with epoxy resin,"Start with 240 grit SiC, progress through 320, 400, 600",Use 6μm and 1μm diamond paste on napless cloth,Keller's reagent for 10-20 seconds,"[""240"",""320"",""400"",""600""]","[""6μm diamond"",""1μm diamond""]","[""Keller's Reagent"",""0.5% HF""]",,,,,,,,"[""Machining"",""Screws"",""Fasteners""]","[""Screws"",""Nuts"",""Machined parts""]",Free-cutting aluminum-copper alloy with excellent machinability. Used for high-volume machined parts.,published,false,29,0,0,2025-12-04 23:17:52.687032+00,2025-12-04 23:17:52.687032+00
66bb1ca0-b34b-46f1-baf3-56465b5b147c,2017 Aluminum,2017-aluminum,Aluminum Alloy,"[""2017"",""AA2017"",""AlCu4MgSi""]","[""heat-treatable"",""high-strength"",""rivets""]",105 HB,105,,,2.79,510,427,276,Al-4Cu-0.6Mg-0.5Si,Alpha aluminum with Cu-Mg precipitates,alloy,soft,true,false,low,Solution treated and aged (T6 temper),500,,,,,Use slow-speed diamond saw with coolant,Cold mounting with epoxy resin,"Start with 240 grit SiC, progress through 320, 400, 600",Use 6μm and 1μm diamond paste on napless cloth,Keller's reagent for 10-20 seconds,"[""240"",""320"",""400"",""600""]","[""6μm diamond"",""1μm diamond""]","[""Keller's Reagent"",""0.5% HF""]",,,,,,,,"[""Aerospace"",""Rivets"",""Fasteners""]","[""Aircraft rivets"",""Fasteners"",""Structural components""]",High-strength aluminum-copper alloy. Historically used for aircraft rivets and structural applications.,published,false,30,0,0,2025-12-04 23:17:52.687032+00,2025-12-04 23:17:52.687032+00
6ac2a869-402a-421d-b26a-f454bbc3fe59,2024 Aluminum,2024-aluminum,Aluminum Alloy,"[""2024"",""AA2024"",""AlCu4Mg1""]","[""high-strength"",""aerospace"",""heat-treatable""]",120 HB,120,,,2.78,502,469,324,Al-4.4Cu-1.5Mg-0.6Mn,Alpha aluminum with Cu-Mg precipitates,alloy,soft,true,false,low,Solution treated and aged (T6 temper),495,,,,,Use slow-speed diamond saw with coolant,Cold mounting with epoxy resin,"Start with 240 grit SiC, progress through 320, 400, 600",Use 6μm and 1μm diamond paste on napless cloth,"Keller's reagent (2ml HF, 3ml HCl, 5ml HNO3, 190ml H2O) for 10-20 seconds","[""240"",""320"",""400"",""600""]","[""6μm diamond"",""1μm diamond""]","[""Keller's Reagent"",""0.5% HF""]",,,,,,,,"[""Aerospace"",""Military""]","[""Aircraft structures"",""Rivets"",""Wing skins""]",High-strength aluminum-copper alloy widely used in aircraft structures. Excellent fatigue resistance.,published,false,22,0,0,2025-12-04 23:13:34.7156+00,2025-12-04 23:13:34.7156+00
b4d6589d-1a75-454a-bb7d-0e6c21ffcc33,2024-T3 Aluminum,2024-t3-aluminum,Aluminum Alloy,"[""2024-T3"",""AA2024-T3""]","[""high-strength"",""aerospace"",""sheet""]",120 HB,120,,,2.78,502,469,324,Al-4.4Cu-1.5Mg-0.6Mn,Alpha aluminum with Cu-Mg precipitates,alloy,soft,true,false,low,Solution treated and naturally aged,495,,,,,Use slow-speed diamond saw with coolant,Cold mounting with epoxy resin,"Start with 240 grit SiC, progress through 320, 400, 600",Use 6μm and 1μm diamond paste on napless cloth,Keller's reagent for 10-20 seconds,"[""240"",""320"",""400"",""600""]","[""6μm diamond"",""1μm diamond""]","[""Keller's Reagent"",""0.5% HF""]",,,,,,,,"[""Aerospace"",""Military""]","[""Aircraft skins"",""Wing structures""]",High-strength aluminum-copper alloy in T3 temper. Used extensively in aircraft structures.,published,false,26,0,0,2025-12-04 23:13:34.7156+00,2025-12-04 23:13:34.7156+00
59194e66-1a71-4ddc-bde9-c49c9d18be77,2205 Duplex Stainless Steel,2205-duplex-stainless-steel,Stainless Steel,"[""2205"",""UNS S31803"",""Duplex 2205""]","[""duplex"",""corrosion-resistant"",""high-strength""]",293 HB,293,30,,7.8,1420,620,450,Fe-22Cr-5Ni-3Mo-0.03C-0.15N,Austenite and ferrite (approximately 50/50),alloy,very-hard,false,false,excellent,Solution annealed at 1020-1100°C,1050,,,,,Use abrasive cutoff wheel with coolant,Cold mounting with epoxy resin,"Start with 120 grit SiC, progress through 240, 320, 400, 600",Use 6μm and 1μm diamond paste on napless cloth,Beraha's reagent or electrolytic 10% oxalic acid,"[""120"",""240"",""320"",""400"",""600""]","[""6μm diamond"",""1μm diamond""]","[""Beraha's Reagent"",""Electrolytic 10% Oxalic""]",,,,,,,,"[""Chemical processing"",""Oil and gas"",""Marine""]","[""Heat exchangers"",""Pressure vessels"",""Pipes""]",Duplex stainless steel with high strength and excellent corrosion resistance. Used in demanding applications.,published,true,14,0,0,2025-12-04 23:13:34.7156+00,2025-12-04 23:13:34.7156+00
ceb2e5e3-f832-4680-b34b-dae26a93c38b,2507 Super Duplex Stainless Steel,2507-super-duplex-stainless-steel,Stainless Steel,"[""2507"",""UNS S32750"",""Super Duplex""]","[""super-duplex"",""corrosion-resistant"",""high-strength""]",310 HB,310,32,,7.8,1420,795,550,Fe-25Cr-7Ni-4Mo-0.03C-0.27N,Austenite and ferrite (approximately 50/50),alloy,very-hard,false,false,excellent,Solution annealed at 1020-1100°C,1050,,,,,Use abrasive cutoff wheel with coolant,Cold mounting with epoxy resin,"Start with 120 grit SiC, progress through 240, 320, 400, 600",Use 6μm and 1μm diamond paste on napless cloth,Beraha's reagent or electrolytic 10% oxalic acid,"[""120"",""240"",""320"",""400"",""600""]","[""6μm diamond"",""1μm diamond""]","[""Beraha's Reagent"",""Electrolytic 10% Oxalic""]",,,,,,,,"[""Offshore"",""Chemical processing"",""Desalination""]","[""Offshore platforms"",""Heat exchangers"",""Desalination plants""]",Super duplex stainless steel with very high strength and excellent corrosion resistance. Used in demanding offshore and chemical applications.,published,true,24,0,0,2025-12-04 23:23:46.973681+00,2025-12-04 23:23:46.973681+00
114ee436-74eb-4367-a896-0c1e7f7e0621,3003 Aluminum,3003-aluminum,Aluminum Alloy,"[""3003"",""AA3003"",""AlMn1Cu""]","[""non-heat-treatable"",""weldable"",""general-purpose""]",28 HB,28,,,2.73,643,110,41,Al-1.2Mn-0.12Cu,Alpha aluminum solid solution,alloy,soft,true,false,medium,Annealed or strain hardened,415,,,,,Use slow-speed diamond saw with coolant,Cold mounting with epoxy resin,"Start with 240 grit SiC, progress through 320, 400, 600",Use 6μm and 1μm diamond paste on napless cloth,"Keller's reagent (2ml HF, 3ml HCl, 5ml HNO3, 190ml H2O) for 10-20 seconds","[""240"",""320"",""400"",""600""]","[""6μm diamond"",""1μm diamond""]","[""Keller's Reagent"",""0.5% HF""]",,,,,,,,"[""Food processing"",""Chemical equipment"",""General fabrication""]","[""Cooking utensils"",""Tanks"",""Sheet metal""]",Non-heat-treatable aluminum alloy with good formability and corrosion resistance. Commonly used in sheet metal applications.,published,false,23,0,0,2025-12-04 23:13:34.7156+00,2025-12-04 23:13:34.7156+00
37a0d1c4-e3b2-4d3f-a7c1-b9410adcf66d,3004 Aluminum,3004-aluminum,Aluminum Alloy,"[""3004"",""AA3004"",""AlMn1Mg1""]","[""non-heat-treatable"",""can-stock"",""general-purpose""]",45 HB,45,,,2.72,643,180,69,Al-1.2Mn-1.0Mg,Alpha aluminum solid solution,alloy,soft,true,false,medium,As fabricated or strain hardened,345,,,,,Use slow-speed diamond saw with coolant,Cold mounting with epoxy resin,"Start with 240 grit SiC, progress through 320, 400, 600",Use 6μm and 1μm diamond paste on napless cloth,Keller's reagent for 10-20 seconds,"[""240"",""320"",""400"",""600""]","[""6μm diamond"",""1μm diamond""]","[""Keller's Reagent"",""0.5% HF""]",,,,,,,,"[""Packaging"",""General fabrication""]","[""Beverage cans"",""Sheet metal"",""General fabrication""]",Non-heat-treatable aluminum-magnesium-manganese alloy. Commonly used for beverage cans and general fabrication.,published,false,28,0,0,2025-12-04 23:17:52.687032+00,2025-12-04 23:17:52.687032+00
02b78783-3975-42b6-970d-5db9241ab120,304 Stainless Steel,304-stainless-steel,Stainless Steel,"[""304"",""AISI 304"",""18-8"",""EN 1.4301""]","[""austenitic"",""corrosion-resistant"",""food-grade""]",123 HB,123,,,8.0,1400,515,205,Fe-18Cr-8Ni-0.08C,Austenite with some delta ferrite,alloy,soft,true,false,excellent,Solution annealed at 1050-1100°C,1050,,,,,Use abrasive cutoff wheel with coolant,Cold mounting with epoxy resin,"Start with 120 grit SiC, progress through 240, 320, 400, 600",Use 6μm and 1μm diamond paste on napless cloth,"Glyceregia (10ml glycerol, 15ml HCl, 5ml HNO3) for 10-30 seconds","[""120"",""240"",""320"",""400"",""600""]","[""6μm diamond"",""1μm diamond""]","[""Glyceregia"",""Aqua Regia"",""Electrolytic 10% Oxalic""]",,,,,,,,"[""Food processing"",""Chemical equipment"",""Architecture""]","[""Kitchen equipment"",""Tanks"",""Pipes""]",Most common austenitic stainless steel with excellent corrosion resistance and formability.,published,true,10,0,0,2025-12-04 23:13:34.7156+00,2025-12-04 23:13:34.7156+00
064e8d06-3b27-4c72-b2c8-01a69c1ef3c2,309 Stainless Steel,309-stainless-steel,Stainless Steel,"[""309"",""AISI 309"",""EN 1.4828""]","[""austenitic"",""high-temperature"",""heat-resistant""]",217 HB,217,,,7.98,1450,515,205,Fe-23Cr-13Ni-0.08C,Austenite,alloy,medium,true,false,excellent,Solution annealed at 1050-1100°C,1050,,,,,Use abrasive cutoff wheel with coolant,Cold mounting with epoxy resin,"Start with 120 grit SiC, progress through 240, 320, 400, 600",Use 6μm and 1μm diamond paste on napless cloth,Glyceregia for 10-30 seconds,"[""120"",""240"",""320"",""400"",""600""]","[""6μm diamond"",""1μm diamond""]","[""Glyceregia"",""Aqua Regia""]",,,,,,,,"[""Heat treatment"",""Furnaces"",""High-temperature""]","[""Furnace components"",""Heat treatment equipment"",""Kiln furniture""]",High-temperature austenitic stainless steel with excellent oxidation resistance. Used in heat treatment and furnace applications.,published,false,20,0,0,2025-12-04 23:23:46.973681+00,2025-12-04 23:23:46.973681+00
5e20a418-1780-4071-84e4-6133d48accc8,310 Stainless Steel,310-stainless-steel,Stainless Steel,"[""310"",""AISI 310"",""EN 1.4841""]","[""austenitic"",""high-temperature"",""heat-resistant""]",217 HB,217,,,7.98,1450,515,205,Fe-25Cr-20Ni-0.08C,Austenite,alloy,medium,true,false,excellent,Solution annealed at 1050-1100°C,1050,,,,,Use abrasive cutoff wheel with coolant,Cold mounting with epoxy resin,"Start with 120 grit SiC, progress through 240, 320, 400, 600",Use 6μm and 1μm diamond paste on napless cloth,Glyceregia for 10-30 seconds,"[""120"",""240"",""320"",""400"",""600""]","[""6μm diamond"",""1μm diamond""]","[""Glyceregia"",""Aqua Regia""]",,,,,,,,"[""Heat treatment"",""Furnaces"",""High-temperature""]","[""Furnace components"",""Heat treatment equipment"",""Kiln furniture""]",High-temperature austenitic stainless steel with superior oxidation resistance. Used in extreme temperature applications.,published,false,21,0,0,2025-12-04 23:23:46.973681+00,2025-12-04 23:23:46.973681+00
05c77388-6dbf-4586-a3fc-6001224b536b,316 Stainless Steel,316-stainless-steel,Stainless Steel,"[""316"",""AISI 316"",""18-10"",""EN 1.4401""]","[""austenitic"",""corrosion-resistant"",""marine""]",149 HB,149,,,8.0,1375,515,205,Fe-16Cr-10Ni-2Mo-0.08C,Austenite,alloy,soft,true,false,excellent,Solution annealed at 1050-1100°C,1050,,,,,Use abrasive cutoff wheel with coolant,Cold mounting with epoxy resin,"Start with 120 grit SiC, progress through 240, 320, 400, 600",Use 6μm and 1μm diamond paste on napless cloth,"Glyceregia (10ml glycerol, 15ml HCl, 5ml HNO3) for 10-30 seconds","[""120"",""240"",""320"",""400"",""600""]","[""6μm diamond"",""1μm diamond""]","[""Glyceregia"",""Aqua Regia"",""Electrolytic 10% Oxalic""]",,,,,,,,"[""Marine applications"",""Chemical processing"",""Pharmaceutical""]","[""Boat fittings"",""Heat exchangers"",""Medical devices""]","Molybdenum-bearing austenitic stainless steel with superior corrosion resistance, especially to chlorides.",published,true,11,0,0,2025-12-04 23:13:34.7156+00,2025-12-04 23:13:34.7156+00
39843128-a3d3-4b10-9abf-e5191bb7e3fb,321 Stainless Steel,321-stainless-steel,Stainless Steel,"[""321"",""AISI 321"",""EN 1.4541""]","[""austenitic"",""stabilized"",""high-temperature""]",123 HB,123,,,8.0,1400,515,205,Fe-18Cr-10Ni-0.08C-0.4Ti,Austenite with TiC particles,alloy,soft,true,false,excellent,Solution annealed at 1050-1100°C,1050,,,,,Use abrasive cutoff wheel with coolant,Cold mounting with epoxy resin,"Start with 120 grit SiC, progress through 240, 320, 400, 600",Use 6μm and 1μm diamond paste on napless cloth,Glyceregia for 10-30 seconds,"[""120"",""240"",""320"",""400"",""600""]","[""6μm diamond"",""1μm diamond""]","[""Glyceregia"",""Aqua Regia""]",,,,,,,,"[""High-temperature applications"",""Welded structures""]","[""Exhaust systems"",""Heat exchangers"",""Pressure vessels""]",Titanium-stabilized austenitic stainless steel for high-temperature applications and welded structures.,published,false,16,0,0,2025-12-04 23:13:34.7156+00,2025-12-04 23:13:34.7156+00
135f95f2-e786-4421-8dce-9333299d7607,330 Stainless Steel,330-stainless-steel,Stainless Steel,"[""330"",""AISI 330"",""EN 1.4864""]","[""austenitic"",""high-temperature"",""heat-resistant""]",217 HB,217,,,8.0,1420,515,205,Fe-19Cr-35Ni-0.08C,Austenite,alloy,medium,true,false,excellent,Solution annealed at 1050-1100°C,1050,,,,,Use abrasive cutoff wheel with coolant,Cold mounting with epoxy resin,"Start with 120 grit SiC, progress through 240, 320, 400, 600",Use 6μm and 1μm diamond paste on napless cloth,Glyceregia for 10-30 seconds,"[""120"",""240"",""320"",""400"",""600""]","[""6μm diamond"",""1μm diamond""]","[""Glyceregia"",""Aqua Regia""]",,,,,,,,"[""Heat treatment"",""Furnaces"",""High-temperature""]","[""Furnace components"",""Heat treatment equipment"",""Kiln furniture""]",High-nickel austenitic stainless steel with excellent high-temperature strength and oxidation resistance. Used in heat treatment furnaces.,published,false,25,0,0,2025-12-04 23:26:57.541276+00,2025-12-04 23:26:57.541276+00
38d4fc80-915b-4d3c-94f2-1c9b47c2ccc0,347 Stainless Steel,347-stainless-steel,Stainless Steel,"[""347"",""AISI 347"",""EN 1.4550""]","[""austenitic"",""stabilized"",""welded""]",160 HB,160,,,8.0,1400,515,205,Fe-18Cr-11Ni-0.08C-0.8Nb,Austenite with NbC particles,alloy,soft,true,false,excellent,Solution annealed at 1050-1100°C,1050,,,,,Use abrasive cutoff wheel with coolant,Cold mounting with epoxy resin,"Start with 120 grit SiC, progress through 240, 320, 400, 600",Use 6μm and 1μm diamond paste on napless cloth,Glyceregia for 10-30 seconds,"[""120"",""240"",""320"",""400"",""600""]","[""6μm diamond"",""1μm diamond""]","[""Glyceregia"",""Aqua Regia""]",,,,,,,,"[""Welded structures"",""High-temperature"",""Chemical processing""]","[""Welded structures"",""Heat exchangers"",""Pressure vessels""]",Niobium-stabilized austenitic stainless steel for welded structures and high-temperature applications.,published,false,19,0,0,2025-12-04 23:17:52.687032+00,2025-12-04 23:17:52.687032+00
9c57b7f4-2728-41e2-bafb-2e27c12167bd,410 Stainless Steel,410-stainless-steel,Stainless Steel,"[""410"",""AISI 410"",""EN 1.4006""]","[""martensitic"",""hardenable"",""magnetic""]",217 HB,217,,,7.7,1480,480,275,Fe-12Cr-0.15C,"Martensite (quenched), tempered martensite",alloy,hard,false,true,medium,Quenched and tempered,950,,,,,Use abrasive cutoff wheel with coolant,Cold mounting with epoxy resin,"Start with 120 grit SiC, progress through 240, 320, 400, 600",Use 6μm and 1μm diamond paste on napless cloth,"Vilella's reagent (1g picric acid, 5ml HCl, 100ml ethanol) for 10-20 seconds","[""120"",""240"",""320"",""400"",""600""]","[""6μm diamond"",""1μm diamond""]","[""Vilella's Reagent"",""2% Nital""]",,,,,,,,"[""Cutlery"",""Valves"",""Pumps""]","[""Knives"",""Surgical instruments"",""Fasteners""]",Martensitic stainless steel that can be hardened by heat treatment. Magnetic and less corrosion resistant than austenitic grades.,published,false,12,0,0,2025-12-04 23:13:34.7156+00,2025-12-04 23:13:34.7156+00
ad17d22a-d8b5-44e1-ac04-5fb9b1a464b0,420 Stainless Steel,420-stainless-steel,Stainless Steel,"[""420"",""AISI 420"",""EN 1.4021""]","[""martensitic"",""hardenable"",""cutlery""]",217 HB,217,,,7.7,1450,655,345,Fe-13Cr-0.15C,"Martensite (quenched), tempered martensite",alloy,medium,false,true,medium,Quenched and tempered,980,,,,,Use abrasive cutoff wheel with coolant,Cold mounting with epoxy resin,"Start with 120 grit SiC, progress through 240, 320, 400, 600",Use 6μm and 1μm diamond paste on napless cloth,Vilella's reagent or 2% nital,"[""120"",""240"",""320"",""400"",""600""]","[""6μm diamond"",""1μm diamond""]","[""Vilella's Reagent"",""2% Nital""]",,,,,,,,"[""Cutlery"",""Surgical instruments"",""Valves""]","[""Knives"",""Surgical instruments"",""Valves""]",Martensitic stainless steel commonly used for cutlery and surgical instruments. Can be hardened by heat treatment.,published,true,17,0,0,2025-12-04 23:17:52.687032+00,2025-12-04 23:17:52.687032+00
42187ec6-75a1-456f-95be-ba0853c93a93,430 Stainless Steel,430-stainless-steel,Stainless Steel,"[""430"",""AISI 430"",""EN 1.4016""]","[""ferritic"",""magnetic"",""decorative""]",183 HB,183,,,7.7,1425,450,275,Fe-16Cr-0.12C,Ferrite,alloy,medium,false,true,medium,Annealed,815,,,,,Use abrasive cutoff wheel with coolant,Cold mounting with epoxy resin,"Start with 120 grit SiC, progress through 240, 320, 400, 600",Use 6μm and 1μm diamond paste on napless cloth,Vilella's reagent or 2% nital,"[""120"",""240"",""320"",""400"",""600""]","[""6μm diamond"",""1μm diamond""]","[""Vilella's Reagent"",""2% Nital""]",,,,,,,,"[""Decorative"",""Automotive"",""Kitchen equipment""]","[""Trim"",""Exhaust systems"",""Appliances""]",Ferritic stainless steel with good corrosion resistance and magnetic properties. Used in decorative and automotive applications.,published,false,15,0,0,2025-12-04 23:13:34.7156+00,2025-12-04 23:13:34.7156+00
a8331a38-72de-4eb5-84da-54d102c5a79d,440C Stainless Steel,440c-stainless-steel,Stainless Steel,"[""440C"",""AISI 440C"",""EN 1.4125""]","[""martensitic"",""high-carbon"",""hard""]",255 HB,255,,,7.7,1480,760,450,Fe-17Cr-1.0C-1Mo,Martensite with primary carbides,alloy,very-hard,false,true,medium,Quenched and tempered,1050,,,,,Use abrasive cutoff wheel with coolant,Cold mounting with epoxy resin,"Start with 120 grit SiC, progress through 240, 320, 400, 600",Use 6μm and 1μm diamond paste on napless cloth,Vilella's reagent or 2% nital,"[""120"",""240"",""320"",""400"",""600""]","[""6μm diamond"",""1μm diamond""]","[""Vilella's Reagent"",""2% Nital""]",,,,,,,,"[""Bearings"",""Cutlery"",""Valves""]","[""Ball bearings"",""Knives"",""Valves""]",High-carbon martensitic stainless steel with excellent hardness and wear resistance. Used for bearings and high-quality cutlery.,published,true,18,0,0,2025-12-04 23:17:52.687032+00,2025-12-04 23:17:52.687032+00
b6e9ba92-60ad-4ca7-9c95-df16b7836508,5052 Aluminum,5052-aluminum,Aluminum Alloy,"[""5052"",""AA5052"",""AlMg2.5""]","[""non-heat-treatable"",""corrosion-resistant"",""marine""]",47 HB,47,,,2.68,607,228,193,Al-2.5Mg-0.25Cr,Alpha aluminum solid solution,alloy,soft,true,false,high,As fabricated or strain hardened,345,,,,,Use slow-speed diamond saw with coolant,Cold mounting with epoxy resin,"Start with 240 grit SiC, progress through 320, 400, 600",Use 6μm and 1μm diamond paste on napless cloth,Keller's reagent for 10-20 seconds,"[""240"",""320"",""400"",""600""]","[""6μm diamond"",""1μm diamond""]","[""Keller's Reagent"",""0.5% HF""]",,,,,,,,"[""Marine"",""Architecture"",""General fabrication""]","[""Marine hardware"",""Sheet metal"",""Tanks""]","Non-heat-treatable aluminum-magnesium alloy with excellent corrosion resistance, especially in marine environments.",published,false,24,0,0,2025-12-04 23:13:34.7156+00,2025-12-04 23:13:34.7156+00
1ce68858-a75f-4881-a8b4-3de19d82312e,5056 Aluminum,5056-aluminum,Aluminum Alloy,"[""5056"",""AA5056"",""AlMg5""]","[""non-heat-treatable"",""marine"",""weldable""]",65 HB,65,,,2.64,568,290,152,Al-5.2Mg-0.12Cr-0.1Mn,Alpha aluminum solid solution,alloy,soft,true,false,excellent,As fabricated,,,,,,Use slow-speed diamond saw with coolant,Cold mounting with epoxy resin,"Start with 240 grit SiC, progress through 320, 400, 600",Use 6μm and 1μm diamond paste on napless cloth,Keller's reagent for 10-20 seconds,"[""240"",""320"",""400"",""600""]","[""6μm diamond"",""1μm diamond""]","[""Keller's Reagent"",""0.5% HF""]",,,,,,,,"[""Marine"",""Wire"",""Fasteners""]","[""Marine hardware"",""Wire"",""Rivets""]",High-magnesium aluminum alloy with excellent corrosion resistance in marine environments. Used for marine hardware and wire.,published,false,31,0,0,2025-12-04 23:23:46.973681+00,2025-12-04 23:23:46.973681+00
4368673e-0712-40d7-ba40-bb1bae211e2d,5083 Aluminum,5083-aluminum,Aluminum Alloy,"[""5083"",""AA5083"",""AlMg4.5Mn""]","[""non-heat-treatable"",""marine"",""weldable""]",75 HB,75,,,2.66,574,317,228,Al-4.5Mg-0.7Mn-0.15Cr,Alpha aluminum solid solution,alloy,soft,true,false,excellent,As fabricated,,,,,,Use slow-speed diamond saw with coolant,Cold mounting with epoxy resin,"Start with 240 grit SiC, progress through 320, 400, 600",Use 6μm and 1μm diamond paste on napless cloth,Keller's reagent for 10-20 seconds,"[""240"",""320"",""400"",""600""]","[""6μm diamond"",""1μm diamond""]","[""Keller's Reagent"",""0.5% HF""]",,,,,,,,"[""Marine"",""Cryogenic"",""Pressure vessels""]","[""Ship hulls"",""Cryogenic tanks"",""Pressure vessels""]",High-strength aluminum-magnesium alloy with excellent corrosion resistance and weldability. Used in marine and cryogenic applications.,published,false,25,0,0,2025-12-04 23:13:34.7156+00,2025-12-04 23:13:34.7156+00
026e924b-c0e1-4cc5-a2cd-16d674ae3711,5086 Aluminum,5086-aluminum,Aluminum Alloy,"[""5086"",""AA5086"",""AlMg4Mn""]","[""non-heat-treatable"",""marine"",""weldable""]",70 HB,70,,,2.66,574,290,124,Al-4.0Mg-0.4Mn-0.15Cr,Alpha aluminum solid solution,alloy,soft,true,false,excellent,As fabricated,,,,,,Use slow-speed diamond saw with coolant,Cold mounting with epoxy resin,"Start with 240 grit SiC, progress through 320, 400, 600",Use 6μm and 1μm diamond paste on napless cloth,Keller's reagent for 10-20 seconds,"[""240"",""320"",""400"",""600""]","[""6μm diamond"",""1μm diamond""]","[""Keller's Reagent"",""0.5% HF""]",,,,,,,,"[""Marine"",""Pressure vessels"",""Cryogenic""]","[""Marine structures"",""Pressure vessels"",""Cryogenic tanks""]",Aluminum-magnesium alloy with excellent corrosion resistance and weldability. Used in marine and cryogenic applications.,published,false,32,0,0,2025-12-04 23:23:46.973681+00,2025-12-04 23:23:46.973681+00
5047ff44-5ef2-475f-b16d-3bb8b13066d2,5160 Spring Steel,5160-spring-steel,Alloy Steel,"[""5160"",""AISI 5160"",""60Cr4""]","[""spring-steel"",""chromium"",""high-strength""]",217 HB,217,,,7.85,1480,760,415,Fe-0.60C-0.85Mn-0.8Cr,Tempered martensite,alloy,medium,false,true,low,Quenched and tempered,845,,,,,Use abrasive cutoff wheel with coolant,Cold mounting with epoxy resin,"Start with 120 grit SiC, progress through 240, 320, 400, 600",Use 6μm and 1μm diamond paste on napless cloth,2% nital for 5-15 seconds,"[""120"",""240"",""320"",""400"",""600""]","[""6μm diamond"",""1μm diamond""]","[""2% Nital"",""4% Picral""]",,,,,,,,"[""Springs"",""Automotive"",""Tools""]","[""Coil springs"",""Leaf springs"",""Hand tools""]",Chromium spring steel with excellent fatigue resistance and toughness. Used for springs and high-stress applications.,published,true,9,0,0,2025-12-04 23:17:52.687032+00,2025-12-04 23:17:52.687032+00
74c8355f-0bc7-433e-a8d4-4e8cd5b47fd6,52100 Bearing Steel,52100-bearing-steel,Alloy Steel,"[""52100"",""AISI 52100"",""100Cr6""]","[""bearing-steel"",""high-carbon"",""chromium""]",197 HB,197,,,7.81,1420,760,450,Fe-1.0C-1.5Cr-0.35Mn,Tempered martensite with carbides,alloy,medium,false,true,low,Quenched and tempered,790,,,,,Use abrasive cutoff wheel with coolant,Cold mounting with epoxy resin,"Start with 120 grit SiC, progress through 240, 320, 400, 600",Use 6μm and 1μm diamond paste on napless cloth,2% nital or 4% picral,"[""120"",""240"",""320"",""400"",""600""]","[""6μm diamond"",""1μm diamond""]","[""2% Nital"",""4% Picral""]",,,,,,,,"[""Bearings"",""Races"",""Rollers""]","[""Ball bearings"",""Roller bearings"",""Bearing races""]",High-carbon chromium bearing steel with excellent hardness and wear resistance. Standard material for ball and roller bearings.,published,true,10,0,0,2025-12-04 23:17:52.687032+00,2025-12-04 23:17:52.687032+00
193fda0b-d111-4a17-b191-03970d21ae36,5454 Aluminum,5454-aluminum,Aluminum Alloy,"[""5454"",""AA5454"",""AlMg3Mn""]","[""non-heat-treatable"",""general-purpose"",""weldable""]",62 HB,62,,,2.69,602,250,110,Al-2.7Mg-0.8Mn-0.12Cr,Alpha aluminum solid solution,alloy,soft,true,false,high,As fabricated,,,,,,Use slow-speed diamond saw with coolant,Cold mounting with epoxy resin,"Start with 240 grit SiC, progress through 320, 400, 600",Use 6μm and 1μm diamond paste on napless cloth,Keller's reagent for 10-20 seconds,"[""240"",""320"",""400"",""600""]","[""6μm diamond"",""1μm diamond""]","[""Keller's Reagent"",""0.5% HF""]",,,,,,,,"[""General fabrication"",""Pressure vessels""]","[""Pressure vessels"",""Tanks"",""General fabrication""]",Aluminum-magnesium-manganese alloy with good strength and corrosion resistance. Used in general fabrication and pressure vessels.,published,false,33,0,0,2025-12-04 23:23:46.973681+00,2025-12-04 23:23:46.973681+00
62833f96-470b-40db-8b8a-f17d1f5973c6,5456 Aluminum,5456-aluminum,Aluminum Alloy,"[""5456"",""AA5456"",""AlMg5Mn""]","[""non-heat-treatable"",""marine"",""high-strength""]",90 HB,90,,,2.66,568,310,160,Al-5.1Mg-0.8Mn-0.12Cr,Alpha aluminum solid solution,alloy,soft,true,false,excellent,As fabricated,,,,,,Use slow-speed diamond saw with coolant,Cold mounting with epoxy resin,"Start with 240 grit SiC, progress through 320, 400, 600",Use 6μm and 1μm diamond paste on napless cloth,Keller's reagent for 10-20 seconds,"[""240"",""320"",""400"",""600""]","[""6μm diamond"",""1μm diamond""]","[""Keller's Reagent"",""0.5% HF""]",,,,,,,,"[""Marine"",""Aerospace"",""Military""]","[""Marine structures"",""Aircraft components"",""Military applications""]",High-strength aluminum-magnesium alloy with excellent corrosion resistance. Used in marine and aerospace applications.,published,false,34,0,0,2025-12-04 23:23:46.973681+00,2025-12-04 23:23:46.973681+00
7b6ba56e-98ea-4c87-917d-f2f0a1087e71,6005 Aluminum,6005-aluminum,Aluminum Alloy,"[""6005"",""AA6005"",""AlMgSi0.5""]","[""heat-treatable"",""extrusion"",""general-purpose""]",95 HB,95,,,2.70,582,290,240,Al-0.6Mg-0.5Si,Alpha aluminum with Mg2Si precipitates,alloy,soft,true,false,medium,Solution treated and aged (T6 temper),530,,,,,Use slow-speed diamond saw with coolant,Cold mounting with epoxy resin,"Start with 240 grit SiC, progress through 320, 400, 600",Use 6μm and 1μm diamond paste on napless cloth,Keller's reagent for 10-20 seconds,"[""240"",""320"",""400"",""600""]","[""6μm diamond"",""1μm diamond""]","[""Keller's Reagent"",""0.5% HF""]",,,,,,,,"[""Extrusions"",""Automotive"",""General fabrication""]","[""Extruded profiles"",""Automotive parts"",""General fabrication""]",Heat-treatable aluminum-magnesium-silicon alloy commonly used for extrusions. Good strength and formability.,published,false,35,0,0,2025-12-04 23:23:46.973681+00,2025-12-04 23:23:46.973681+00
d338600e-4a14-4912-a2ce-8d9dcbf5abd8,6013 Aluminum,6013-aluminum,Aluminum Alloy,"[""6013"",""AA6013"",""AlMg0.8SiCu""]","[""heat-treatable"",""aerospace"",""weldable""]",95 HB,95,,,2.71,582,380,315,Al-0.8Mg-0.8Si-0.6Cu,Alpha aluminum with Mg2Si precipitates,alloy,soft,true,false,medium,Solution treated and aged (T6 temper),530,,,,,Use slow-speed diamond saw with coolant,Cold mounting with epoxy resin,"Start with 240 grit SiC, progress through 320, 400, 600",Use 6μm and 1μm diamond paste on napless cloth,Keller's reagent for 10-20 seconds,"[""240"",""320"",""400"",""600""]","[""6μm diamond"",""1μm diamond""]","[""Keller's Reagent"",""0.5% HF""]",,,,,,,,"[""Aerospace"",""Automotive"",""General fabrication""]","[""Aircraft structures"",""Automotive parts"",""General fabrication""]",Heat-treatable aluminum-magnesium-silicon-copper alloy with good strength and weldability. Used in aerospace applications.,published,false,40,0,0,2025-12-04 23:26:57.541276+00,2025-12-04 23:26:57.541276+00
f1ff492a-bfa9-4154-9fd0-bb0d4e09614a,6061 Aluminum,6061-aluminum,Aluminum Alloy,"[""6061"",""AA6061"",""AlMg1SiCu""]","[""heat-treatable"",""weldable"",""general-purpose""]",95 HB,95,,,2.70,582,310,276,Al-1.0Mg-0.6Si-0.25Cu-0.2Cr,Alpha aluminum with Mg2Si precipitates,alloy,soft,true,false,medium,Solution treated and aged (T6 temper),530,,,,,Use slow-speed diamond saw with coolant,Cold mounting with epoxy resin,"Start with 240 grit SiC, progress through 320, 400, 600",Use 6μm and 1μm diamond paste on napless cloth,"Keller's reagent (2ml HF, 3ml HCl, 5ml HNO3, 190ml H2O) for 10-20 seconds","[""240"",""320"",""400"",""600""]","[""6μm diamond"",""1μm diamond""]","[""Keller's Reagent"",""0.5% HF""]",,,,,,,,"[""Aerospace"",""Marine"",""Automotive""]","[""Aircraft structures"",""Boat hulls"",""Bicycle frames""]","Most versatile heat-treatable aluminum alloy with good strength, weldability, and corrosion resistance.",published,true,20,0,0,2025-12-04 23:13:34.7156+00,2025-12-04 23:13:34.7156+00
7cc4f751-764a-4a52-9e5d-b1783ae5651f,6063 Aluminum,6063-aluminum,Aluminum Alloy,"[""6063"",""AA6063"",""AlMg0.7Si""]","[""heat-treatable"",""extrusion"",""architectural""]",73 HB,73,,,2.70,615,186,145,Al-0.7Mg-0.4Si,Alpha aluminum with Mg2Si precipitates,alloy,soft,true,false,medium,Solution treated and aged (T6 temper),530,,,,,Use slow-speed diamond saw with coolant,Cold mounting with epoxy resin,"Start with 240 grit SiC, progress through 320, 400, 600",Use 6μm and 1μm diamond paste on napless cloth,Keller's reagent for 10-20 seconds,"[""240"",""320"",""400"",""600""]","[""6μm diamond"",""1μm diamond""]","[""Keller's Reagent"",""0.5% HF""]",,,,,,,,"[""Architecture"",""Extrusions"",""General fabrication""]","[""Window frames"",""Extruded profiles"",""Architectural components""]",Heat-treatable aluminum-magnesium-silicon alloy with excellent extrudability. Most common architectural aluminum alloy.,published,true,36,0,0,2025-12-04 23:23:46.973681+00,2025-12-04 23:23:46.973681+00
cad884e3-6fde-457e-b777-7784c662717c,6082 Aluminum,6082-aluminum,Aluminum Alloy,"[""6082"",""AA6082"",""AlMg1Si1""]","[""heat-treatable"",""general-purpose"",""weldable""]",95 HB,95,,,2.70,582,310,260,Al-1.0Mg-1.0Si-0.7Mn,Alpha aluminum with Mg2Si precipitates,alloy,soft,true,false,medium,Solution treated and aged (T6 temper),530,,,,,Use slow-speed diamond saw with coolant,Cold mounting with epoxy resin,"Start with 240 grit SiC, progress through 320, 400, 600",Use 6μm and 1μm diamond paste on napless cloth,Keller's reagent for 10-20 seconds,"[""240"",""320"",""400"",""600""]","[""6μm diamond"",""1μm diamond""]","[""Keller's Reagent"",""0.5% HF""]",,,,,,,,"[""General fabrication"",""Automotive"",""Marine""]","[""General fabrication"",""Automotive parts"",""Marine hardware""]",Heat-treatable aluminum-magnesium-silicon alloy with good strength and weldability. Common European alloy.,published,false,37,0,0,2025-12-04 23:23:46.973681+00,2025-12-04 23:23:46.973681+00
1534fe5a-bf93-4f7f-9026-7db191a18be1,7050 Aluminum,7050-aluminum,Aluminum Alloy,"[""7050"",""AA7050"",""AlZn6CuMgZr""]","[""high-strength"",""aerospace"",""heat-treatable""]",150 HB,150,,,2.83,490,524,455,Al-6.2Zn-2.3Cu-2.2Mg-0.12Zr,Alpha aluminum with Zn-Mg-Cu precipitates,alloy,medium,true,false,medium,Solution treated and aged (T74 temper),477,,,,,Use slow-speed diamond saw with coolant,Cold mounting with epoxy resin,"Start with 240 grit SiC, progress through 320, 400, 600",Use 6μm and 1μm diamond paste on napless cloth,Keller's reagent for 10-20 seconds,"[""240"",""320"",""400"",""600""]","[""6μm diamond"",""1μm diamond""]","[""Keller's Reagent"",""0.5% HF""]",,,,,,,,"[""Aerospace"",""Military""]","[""Aircraft structures"",""Military aircraft"",""High-stress components""]",High-strength aluminum-zinc-copper alloy with excellent stress-corrosion cracking resistance. Used in aerospace applications.,published,true,38,0,0,2025-12-04 23:23:46.973681+00,2025-12-04 23:23:46.973681+00
ae2de86b-7fd2-4869-8d9d-7863af83e45d,7075 Aluminum,7075-aluminum,Aluminum Alloy,"[""7075"",""AA7075"",""AlZn5.5MgCu""]","[""high-strength"",""aerospace"",""heat-treatable""]",150 HB,150,,,2.81,477,572,503,Al-5.6Zn-2.5Mg-1.6Cu-0.23Cr,Alpha aluminum with Zn-Mg-Cu precipitates,alloy,medium,true,false,medium,Solution treated and aged (T6 temper),470,,,,,Use slow-speed diamond saw with coolant,Cold mounting with epoxy resin,"Start with 240 grit SiC, progress through 320, 400, 600",Use 6μm and 1μm diamond paste on napless cloth,"Keller's reagent (2ml HF, 3ml HCl, 5ml HNO3, 190ml H2O) for 10-20 seconds","[""240"",""320"",""400"",""600""]","[""6μm diamond"",""1μm diamond""]","[""Keller's Reagent"",""0.5% HF""]",,,,,,,,"[""Aerospace"",""Military"",""Sports equipment""]","[""Aircraft structures"",""Bicycle frames"",""Golf clubs""]",High-strength aluminum alloy with excellent fatigue resistance. Used in aerospace and high-performance applications.,published,true,21,0,0,2025-12-04 23:13:34.7156+00,2025-12-04 23:13:34.7156+00
82dae844-d37c-4aa3-a693-3a7bfe9cf2a9,7475 Aluminum,7475-aluminum,Aluminum Alloy,"[""7475"",""AA7475"",""AlZn5.7MgCu""]","[""high-strength"",""aerospace"",""heat-treatable""]",150 HB,150,,,2.81,477,524,462,Al-5.7Zn-1.6Cu-2.2Mg-0.22Cr,Alpha aluminum with Zn-Mg-Cu precipitates,alloy,medium,true,false,medium,Solution treated and aged (T76 temper),477,,,,,Use slow-speed diamond saw with coolant,Cold mounting with epoxy resin,"Start with 240 grit SiC, progress through 320, 400, 600",Use 6μm and 1μm diamond paste on napless cloth,Keller's reagent for 10-20 seconds,"[""240"",""320"",""400"",""600""]","[""6μm diamond"",""1μm diamond""]","[""Keller's Reagent"",""0.5% HF""]",,,,,,,,"[""Aerospace"",""Military""]","[""Aircraft structures"",""Military aircraft"",""High-stress components""]",High-strength aluminum-zinc-copper alloy with improved toughness. Used in critical aerospace applications.,published,false,39,0,0,2025-12-04 23:23:46.973681+00,2025-12-04 23:23:46.973681+00
9e50b642-6f3d-4908-8ac0-c4134b085756,904L Super Austenitic Stainless Steel,904l-super-austenitic-stainless-steel,Stainless Steel,"[""904L"",""UNS N08904"",""EN 1.4539""]","[""super-austenitic"",""corrosion-resistant"",""chemical""]",160 HB,160,,,8.0,1350,490,220,Fe-20Cr-25Ni-4.5Mo-1.5Cu-0.02C,Austenite,alloy,soft,true,false,excellent,Solution annealed at 1100-1150°C,1125,,,,,Use abrasive cutoff wheel with coolant,Cold mounting with epoxy resin,"Start with 120 grit SiC, progress through 240, 320, 400, 600",Use 6μm and 1μm diamond paste on napless cloth,Glyceregia or electrolytic 10% oxalic acid,"[""120"",""240"",""320"",""400"",""600""]","[""6μm diamond"",""1μm diamond""]","[""Glyceregia"",""Electrolytic 10% Oxalic""]",,,,,,,,"[""Chemical processing"",""Pharmaceutical"",""Marine""]","[""Chemical reactors"",""Heat exchangers"",""Marine equipment""]","Super austenitic stainless steel with exceptional corrosion resistance, especially to sulfuric acid. Used in aggressive chemical environments.",published,true,22,0,0,2025-12-04 23:23:46.973681+00,2025-12-04 23:23:46.973681+00
3b230d61-ccb1-4e09-b9d0-4eed2754bf0c,A2 Air-Hardening Tool Steel,a2-air-hardening-tool-steel,Tool Steel,"[""A2"",""AISI A2"",""1.2363""]","[""cold-work"",""air-hardening"",""medium-alloy""]",248 HB,248,,,7.86,1420,760,620,Fe-1.0C-5Cr-1Mo,Tempered martensite with carbides,alloy,very-hard,false,true,low,Air quenched and tempered,925,,,,,Use abrasive cutoff wheel with coolant,Cold mounting with epoxy resin,"Start with 120 grit SiC, progress through 240, 320, 400, 600",Use 6μm and 1μm diamond paste on napless cloth,2% nital or Vilella's reagent,"[""120"",""240"",""320"",""400"",""600""]","[""6μm diamond"",""1μm diamond""]","[""2% Nital"",""Vilella's Reagent""]",,,,,,,,"[""Dies"",""Molds"",""Cutting tools""]","[""Blanking dies"",""Forming dies"",""Shear blades""]",Air-hardening tool steel with good dimensional stability. Used for dies and molds.,published,false,63,0,0,2025-12-04 23:17:52.687032+00,2025-12-04 23:17:52.687032+00
2bc91c60-c5ac-403a-8781-a7d26cb11fdc,A36 Structural Steel,a36-structural-steel,Carbon Steel,"[""A36"",""ASTM A36""]","[""structural"",""construction"",""weldable""]",119 HB,119,,,7.85,1510,400,250,Fe-0.25C-1.03Mn-0.04P-0.05S,Ferrite and pearlite,alloy,soft,false,true,low,As rolled,,,,,,Use abrasive cutoff wheel with coolant,Cold mounting with epoxy resin,"Start with 120 grit SiC, progress through 240, 320, 400, 600",Use 6μm and 1μm diamond paste on napless cloth,2% nital for 5-15 seconds,"[""120"",""240"",""320"",""400"",""600""]","[""6μm diamond"",""1μm diamond""]","[""2% Nital"",""4% Picral""]",,,,,,,,"[""Construction"",""Bridges"",""Buildings""]","[""Beams"",""Plates"",""Structural members""]",Most common structural steel in the United States. Used in construction and general fabrication.,published,false,6,0,0,2025-12-04 23:13:34.7156+00,2025-12-04 23:13:34.7156+00
43ae18d8-5868-4b86-bebe-52b062041a14,A4 Air-Hardening Tool Steel,a4-air-hardening-tool-steel,Tool Steel,"[""A4"",""AISI A4"",""1.2362""]","[""cold-work"",""air-hardening"",""medium-alloy""]",248 HB,248,,,7.86,1420,760,620,Fe-1.0C-2Cr-1Mo-1Mn,Tempered martensite with carbides,alloy,very-hard,false,true,low,Air quenched and tempered,925,,,,,Use abrasive cutoff wheel with coolant,Cold mounting with epoxy resin,"Start with 120 grit SiC, progress through 240, 320, 400, 600",Use 6μm and 1μm diamond paste on napless cloth,2% nital or Vilella's reagent,"[""120"",""240"",""320"",""400"",""600""]","[""6μm diamond"",""1μm diamond""]","[""2% Nital"",""Vilella's Reagent""]",,,,,,,,"[""Dies"",""Molds"",""Cutting tools""]","[""Blanking dies"",""Forming dies"",""Shear blades""]",Air-hardening tool steel with good dimensional stability. Lower alloy content than A2.,published,false,69,0,0,2025-12-04 23:23:46.973681+00,2025-12-04 23:23:46.973681+00
a862d2b6-47a7-43bd-933d-a29f4a6eac4e,A6 Air-Hardening Tool Steel,a6-air-hardening-tool-steel,Tool Steel,"[""A6"",""AISI A6"",""1.2363""]","[""cold-work"",""air-hardening"",""medium-alloy""]",217 HB,217,,,7.83,1420,760,620,Fe-0.70C-1Cr-1Mo-2Mn,Tempered martensite,alloy,medium,false,true,low,Air quenched and tempered,790,,,,,Use abrasive cutoff wheel with coolant,Cold mounting with epoxy resin,"Start with 120 grit SiC, progress through 240, 320, 400, 600",Use 6μm and 1μm diamond paste on napless cloth,2% nital or Vilella's reagent,"[""120"",""240"",""320"",""400"",""600""]","[""6μm diamond"",""1μm diamond""]","[""2% Nital"",""Vilella's Reagent""]",,,,,,,,"[""Dies"",""Molds"",""Gauges""]","[""Blanking dies"",""Forming dies"",""Gauges""]",Air-hardening tool steel with good machinability. Lower carbon content for improved toughness.,published,false,70,0,0,2025-12-04 23:23:46.973681+00,2025-12-04 23:23:46.973681+00
06d19751-a932-474c-9ae1-dd7484c79d77,AISI 1018 Carbon Steel,aisi-1018-carbon-steel,Carbon Steel,"[""1018"",""C1018"",""SAE 1018""]","[""low-carbon"",""machinable"",""general-purpose""]",126 HB,126,,,7.87,1510,440,370,Fe-0.18C-0.75Mn-0.04P-0.05S,Ferrite and pearlite,alloy,soft,false,true,low,Normalized or annealed,870,,,,,Use abrasive cutoff wheel with coolant,Cold mounting with epoxy resin,"Start with 120 grit SiC, progress through 240, 320, 400, 600",Use 6μm and 1μm diamond paste on napless cloth,2% nital (2% nitric acid in ethanol) for 5-15 seconds,"[""120"",""240"",""320"",""400"",""600""]","[""6μm diamond"",""1μm diamond""]","[""2% Nital"",""4% Picral""]",,,,,,,,"[""General construction"",""Machinery components""]","[""Shafts"",""Bolts"",""Gears""]",Low carbon steel with excellent machinability and weldability. Commonly used in general construction and machinery.,published,true,1,0,0,2025-12-04 23:13:34.7156+00,2025-12-04 23:13:34.7156+00
00fa4a6d-338d-4a68-96a8-f4e429bbbdba,AISI 1020 Carbon Steel,aisi-1020-carbon-steel,Carbon Steel,"[""1020"",""C1020"",""SAE 1020""]","[""low-carbon"",""machinable"",""general-purpose""]",111 HB,111,,,7.87,1510,380,205,Fe-0.20C-0.50Mn-0.04P-0.05S,Ferrite and pearlite,alloy,soft,false,true,low,Normalized or annealed,870,,,,,Use abrasive cutoff wheel with coolant,Cold mounting with epoxy resin,"Start with 120 grit SiC, progress through 240, 320, 400, 600",Use 6μm and 1μm diamond paste on napless cloth,2% nital for 5-15 seconds,"[""120"",""240"",""320"",""400"",""600""]","[""6μm diamond"",""1μm diamond""]","[""2% Nital"",""4% Picral""]",,,,,,,,"[""General construction"",""Machinery"",""Automotive""]","[""Shafts"",""Bolts"",""General parts""]",Low carbon steel with good machinability and weldability. Very common general-purpose steel.,published,false,7,0,0,2025-12-04 23:17:52.687032+00,2025-12-04 23:17:52.687032+00
0e80d5f4-68a4-4b9b-9b8f-997f50353f72,AISI 1035 Carbon Steel,aisi-1035-carbon-steel,Carbon Steel,"[""1035"",""C1035"",""SAE 1035""]","[""medium-carbon"",""heat-treatable"",""general-purpose""]",149 HB,149,,,7.87,1500,570,310,Fe-0.35C-0.75Mn-0.04P-0.05S,Ferrite and pearlite,alloy,soft,false,true,low,"Normalized, quenched and tempered",845,,,,,Use abrasive cutoff wheel with coolant,Cold mounting with epoxy resin,"Start with 120 grit SiC, progress through 240, 320, 400, 600",Use 6μm and 1μm diamond paste on napless cloth,2% nital for 5-15 seconds,"[""120"",""240"",""320"",""400"",""600""]","[""6μm diamond"",""1μm diamond""]","[""2% Nital"",""4% Picral""]",,,,,,,,"[""Shafts"",""Gears"",""Bolts""]","[""Shafts"",""Gears"",""Machine parts""]",Medium carbon steel with good strength and machinability. Can be heat treated for improved properties.,published,false,8,0,0,2025-12-04 23:17:52.687032+00,2025-12-04 23:17:52.687032+00
18a37989-d8b9-4550-a5bb-2b4a39a58b84,AISI 1045 Carbon Steel,aisi-1045-carbon-steel,Carbon Steel,"[""1045"",""C1045"",""SAE 1045""]","[""medium-carbon"",""heat-treatable"",""high-strength""]",170 HB,170,,,7.87,1495,625,530,Fe-0.45C-0.75Mn-0.04P-0.05S,"Ferrite and pearlite (annealed), martensite (quenched)",alloy,medium,false,true,low,"Normalized, quenched and tempered",850,,,,,Use abrasive cutoff wheel with coolant,Cold mounting with epoxy resin,"Start with 120 grit SiC, progress through 240, 320, 400, 600",Use 6μm and 1μm diamond paste on napless cloth,2% nital (2% nitric acid in ethanol) for 5-15 seconds,"[""120"",""240"",""320"",""400"",""600""]","[""6μm diamond"",""1μm diamond""]","[""2% Nital"",""4% Picral""]",,,,,,,,"[""Shafts"",""Gears"",""Axles""]","[""Automotive components"",""Machine parts""]",Medium carbon steel with good strength and hardness. Can be heat treated for improved mechanical properties.,published,true,2,0,0,2025-12-04 23:13:34.7156+00,2025-12-04 23:13:34.7156+00
192ca7fc-6a29-493e-bdab-61e891c1ea7d,AISI 1095 High Carbon Steel,aisi-1095-high-carbon-steel,Carbon Steel,"[""1095"",""C1095"",""SAE 1095""]","[""high-carbon"",""tool-steel"",""spring-steel""]",190 HB,190,,,7.87,1480,665,570,Fe-0.95C-0.40Mn-0.04P-0.05S,"Pearlite and cementite (annealed), martensite (quenched)",alloy,hard,false,true,low,"Normalized, quenched and tempered",790,,,,,Use abrasive cutoff wheel with coolant,Cold mounting with epoxy resin,"Start with 120 grit SiC, progress through 240, 320, 400, 600",Use 6μm and 1μm diamond paste on napless cloth,2% nital (2% nitric acid in ethanol) for 5-15 seconds,"[""120"",""240"",""320"",""400"",""600""]","[""6μm diamond"",""1μm diamond""]","[""2% Nital"",""4% Picral""]",,,,,,,,"[""Knives"",""Springs"",""Cutting tools""]","[""Blades"",""Saws"",""Chisels""]",High carbon steel with excellent hardness and wear resistance. Used for cutting tools and springs.,published,false,3,0,0,2025-12-04 23:13:34.7156+00,2025-12-04 23:13:34.7156+00
bba5f9d5-f7bb-4621-9f89-ab368ffb2fe3,AISI 4130 Chromium-Molybdenum Steel,aisi-4130-chromium-molybdenum-steel,Alloy Steel,"[""4130"",""AISI 4130"",""25CrMo4""]","[""heat-treatable"",""high-strength"",""aerospace""]",197 HB,197,,,7.85,1416,655,415,Fe-0.30C-1Cr-0.25Mo-0.85Mn,Tempered martensite,alloy,medium,false,true,low,Quenched and tempered,845,,,,,Use abrasive cutoff wheel with coolant,Cold mounting with epoxy resin,"Start with 120 grit SiC, progress through 240, 320, 400, 600",Use 6μm and 1μm diamond paste on napless cloth,2% nital for 5-15 seconds,"[""120"",""240"",""320"",""400"",""600""]","[""6μm diamond"",""1μm diamond""]","[""2% Nital"",""4% Picral""]",,,,,,,,"[""Aerospace"",""Automotive"",""Oil and gas""]","[""Aircraft structures"",""Automotive components"",""Oil and gas equipment""]",Chromium-molybdenum steel with excellent strength and weldability. Used in aerospace and automotive applications.,published,true,13,0,0,2025-12-04 23:23:46.973681+00,2025-12-04 23:23:46.973681+00
5e607bac-70e1-4b5c-827f-e485f6ff3607,AISI 4140 Chromium-Molybdenum Steel,aisi-4140-chromium-molybdenum-steel,Alloy Steel,"[""4140"",""AISI 4140"",""42CrMo4""]","[""heat-treatable"",""high-strength"",""machinable""]",197 HB,197,,,7.85,1416,655,415,Fe-0.40C-1Cr-0.25Mo-0.85Mn,Tempered martensite,alloy,medium,false,true,low,Quenched and tempered,845,,,,,Use abrasive cutoff wheel with coolant,Cold mounting with epoxy resin,"Start with 120 grit SiC, progress through 240, 320, 400, 600",Use 6μm and 1μm diamond paste on napless cloth,2% nital for 5-15 seconds,"[""120"",""240"",""320"",""400"",""600""]","[""6μm diamond"",""1μm diamond""]","[""2% Nital"",""4% Picral""]",,,,,,,,"[""Aerospace"",""Automotive"",""Oil and gas""]","[""Shafts"",""Gears"",""Bolts""]",Chromium-molybdenum steel with excellent hardenability and strength. Used in high-stress applications.,published,true,4,0,0,2025-12-04 23:13:34.7156+00,2025-12-04 23:13:34.7156+00
fa169c02-2cd6-467c-9ea9-df7d95edc828,AISI 4340 Nickel-Chromium-Molybdenum Steel,aisi-4340-nickel-chromium-molybdenum-steel,Alloy Steel,"[""4340"",""AISI 4340"",""40NiCrMo4""]","[""high-strength"",""toughness"",""aerospace""]",217 HB,217,,,7.85,1427,745,470,Fe-0.40C-1.8Ni-0.8Cr-0.25Mo,Tempered martensite,alloy,medium,false,true,low,Quenched and tempered,845,,,,,Use abrasive cutoff wheel with coolant,Cold mounting with epoxy resin,"Start with 120 grit SiC, progress through 240, 320, 400, 600",Use 6μm and 1μm diamond paste on napless cloth,2% nital for 5-15 seconds,"[""120"",""240"",""320"",""400"",""600""]","[""6μm diamond"",""1μm diamond""]","[""2% Nital"",""4% Picral""]",,,,,,,,"[""Aerospace"",""Automotive"",""Defense""]","[""Landing gear"",""Crankshafts"",""Bolts""]",High-strength steel with excellent toughness. Used in critical aerospace and automotive components.,published,true,5,0,0,2025-12-04 23:13:34.7156+00,2025-12-04 23:13:34.7156+00
e3cf2e5f-c549-42a8-a6b3-646d05a06c3c,AISI 6150 Chromium-Vanadium Steel,aisi-6150-chromium-vanadium-steel,Alloy Steel,"[""6150"",""AISI 6150"",""50CrV4""]","[""spring-steel"",""chromium-vanadium"",""high-strength""]",217 HB,217,,,7.85,1480,760,415,Fe-0.50C-1Cr-0.15V-0.85Mn,Tempered martensite,alloy,medium,false,true,low,Quenched and tempered,845,,,,,Use abrasive cutoff wheel with coolant,Cold mounting with epoxy resin,"Start with 120 grit SiC, progress through 240, 320, 400, 600",Use 6μm and 1μm diamond paste on napless cloth,2% nital for 5-15 seconds,"[""120"",""240"",""320"",""400"",""600""]","[""6μm diamond"",""1μm diamond""]","[""2% Nital"",""4% Picral""]",,,,,,,,"[""Springs"",""Automotive"",""Tools""]","[""Coil springs"",""Leaf springs"",""Hand tools""]",Chromium-vanadium spring steel with excellent fatigue resistance. Used for high-stress spring applications.,published,false,14,0,0,2025-12-04 23:23:46.973681+00,2025-12-04 23:23:46.973681+00
cedc0eb7-5bea-424d-83ca-59162029dd27,AISI 8620 Case-Hardening Steel,aisi-8620-case-hardening-steel,Alloy Steel,"[""8620"",""AISI 8620"",""20NiCrMo2""]","[""case-hardening"",""nickel-chromium"",""automotive""]",149 HB,149,,,7.85,1427,655,385,Fe-0.20C-0.8Ni-0.5Cr-0.25Mo,Ferrite and pearlite,alloy,soft,false,true,low,Case hardened,870,,,,,Use abrasive cutoff wheel with coolant,Cold mounting with epoxy resin,"Start with 120 grit SiC, progress through 240, 320, 400, 600",Use 6μm and 1μm diamond paste on napless cloth,2% nital for 5-15 seconds,"[""120"",""240"",""320"",""400"",""600""]","[""6μm diamond"",""1μm diamond""]","[""2% Nital"",""4% Picral""]",,,,,,,,"[""Automotive"",""Gears"",""Shafts""]","[""Gears"",""Shafts"",""Automotive components""]",Nickel-chromium-molybdenum case-hardening steel with excellent hardenability. Used for gears and automotive components.,published,true,11,0,0,2025-12-04 23:23:46.973681+00,2025-12-04 23:23:46.973681+00
290ada77-3a95-4c27-bee9-7f4f2668ad6e,AISI 9310 Case-Hardening Steel,aisi-9310-case-hardening-steel,Alloy Steel,"[""9310"",""AISI 9310"",""20NiCrMo3""]","[""case-hardening"",""nickel-chromium"",""aerospace""]",197 HB,197,,,7.85,1427,1170,795,Fe-0.10C-3.25Ni-1.2Cr-0.12Mo,Ferrite and pearlite,alloy,medium,false,true,low,Case hardened,870,,,,,Use abrasive cutoff wheel with coolant,Cold mounting with epoxy resin,"Start with 120 grit SiC, progress through 240, 320, 400, 600",Use 6μm and 1μm diamond paste on napless cloth,2% nital for 5-15 seconds,"[""120"",""240"",""320"",""400"",""600""]","[""6μm diamond"",""1μm diamond""]","[""2% Nital"",""4% Picral""]",,,,,,,,"[""Aerospace"",""Gears"",""Shafts""]","[""Aircraft gears"",""Shafts"",""High-stress components""]",High-nickel case-hardening steel with excellent hardenability and toughness. Used in aerospace applications.,published,false,12,0,0,2025-12-04 23:23:46.973681+00,2025-12-04 23:23:46.973681+00
82797df3-8e85-4a97-a04f-326660993587,Austempered Ductile Iron,austempered-ductile-iron,Cast Iron,"[""ADI"",""Austempered DI""]","[""cast-iron"",""graphite"",""high-strength""]",310 HB,310,32,,7.1,1150,965,655,Fe-3.5C-2.5Si-0.5Mn-0.04Mg,Bainite matrix with spheroidal graphite,alloy,very-hard,false,true,low,Austempered,900,,,,,Use abrasive cutoff wheel with coolant,Cold mounting with epoxy resin,"Start with 120 grit SiC, progress through 240, 320, 400, 600",Use 6μm and 1μm diamond paste on napless cloth,2% nital for 10-20 seconds,"[""120"",""240"",""320"",""400"",""600""]","[""6μm diamond"",""1μm diamond""]","[""2% Nital"",""4% Picral""]",,,,,,,,"[""Automotive"",""Gears"",""High-stress""]","[""Gears"",""Crankshafts"",""High-stress components""]",Heat-treated ductile iron with bainitic matrix providing very high strength. Used in high-stress automotive applications.,published,true,75,0,0,2025-12-04 23:23:46.973681+00,2025-12-04 23:23:46.973681+00
0a332d02-850b-4fdf-9424-c7a471bf9fd6,AZ31B Magnesium,az31b-magnesium,Magnesium Alloy,"[""AZ31B"",""Mg-3Al-1Zn""]","[""lightweight"",""aerospace"",""weldable""]",49 HB,49,,,1.77,605,290,200,Mg-3Al-1Zn-0.2Mn,Alpha magnesium with Al-Mn particles,alloy,soft,true,false,low,As fabricated or annealed,345,,,,,Use slow-speed diamond saw with coolant,Cold mounting with epoxy resin,"Start with 240 grit SiC, progress through 320, 400, 600",Use 6μm and 1μm diamond paste on napless cloth,"Acetic picral (10ml acetic acid, 4.2g picric acid, 10ml H2O, 70ml ethanol)","[""240"",""320"",""400"",""600""]","[""6μm diamond"",""1μm diamond""]","[""Acetic Picral"",""Glycol Etchant""]",,,,,,,,"[""Aerospace"",""Automotive"",""Electronics""]","[""Aircraft components"",""Laptop cases"",""Automotive parts""]",Lightweight magnesium alloy with good formability and weldability. Used in weight-critical applications.,published,false,80,0,0,2025-12-04 23:13:34.7156+00,2025-12-04 23:13:34.7156+00
9bc21e66-7f8a-4c8e-8f85-d0408421708b,Beta C Titanium,beta-c-titanium,Titanium Alloy,"[""Beta C"",""Ti-3Al-8V-6Cr-4Mo-4Zr""]","[""beta-titanium"",""high-strength"",""aerospace""]",365 HB,365,38,,4.65,1600,1170,1100,Ti-3Al-8V-6Cr-4Mo-4Zr,Beta titanium,alloy,very-hard,false,false,excellent,Solution treated and aged,815,,,,,Use slow-speed diamond saw with coolant,Cold mounting with epoxy resin,"Start with 240 grit SiC, progress through 320, 400, 600",Use 6μm and 1μm diamond paste on napless cloth,Kroll's reagent for 5-15 seconds,"[""240"",""320"",""400"",""600""]","[""6μm diamond"",""1μm diamond""]","[""Kroll's Reagent"",""Modified Kroll's""]",,,,,,,,"[""Aerospace"",""Medical""]","[""Aircraft components"",""Medical implants""]",Beta titanium alloy with very high strength. Used in demanding aerospace and medical applications.,published,false,44,0,0,2025-12-04 23:13:34.7156+00,2025-12-04 23:13:34.7156+00
45ab8e4a-68c1-44d8-8400-be226d69122e,C11000 Electrolytic Tough Pitch Copper,c11000-electrolytic-tough-pitch-copper,Copper Alloy,"[""C11000"",""ETP Copper"",""Cu-ETP""]","[""electrical"",""thermal"",""pure-copper""]",42 HB,42,,,8.94,1083,220,69,Cu-99.9Cu-0.04O,Alpha copper with Cu2O particles,metal,soft,true,false,high,Annealed,400,,,,,Use slow-speed diamond saw with coolant,Cold mounting with epoxy resin,"Start with 240 grit SiC, progress through 320, 400, 600",Use 6μm and 1μm diamond paste on napless cloth,Ammonium persulfate (10g in 100ml H2O) or ferric chloride solution,"[""240"",""320"",""400"",""600""]","[""6μm diamond"",""1μm diamond""]","[""Ammonium Persulfate"",""Ferric Chloride""]",,,,,,,,"[""Electrical"",""Electronics"",""Heat exchangers""]","[""Wire"",""Busbars"",""Heat exchangers""]",Pure copper with excellent electrical and thermal conductivity. Most common copper grade for electrical applications.,published,true,30,0,0,2025-12-04 23:13:34.7156+00,2025-12-04 23:13:34.7156+00
b285dba7-9f28-4421-b2a3-46d8d040dea3,C17200 Beryllium Copper,c17200-beryllium-copper,Copper Alloy,"[""C17200"",""BeCu"",""Beryllium Copper""]","[""high-strength"",""spring"",""beryllium""]",380 HB,380,38,,8.25,866,1310,1170,Cu-1.9Be-0.2Co,Alpha copper with beryllium precipitates,alloy,very-hard,false,false,high,Solution treated and aged,315,,,,,Use slow-speed diamond saw with coolant,Cold mounting with epoxy resin,"Start with 240 grit SiC, progress through 320, 400, 600",Use 6μm and 1μm diamond paste on napless cloth,Ammonium persulfate or ferric chloride,"[""240"",""320"",""400"",""600""]","[""6μm diamond"",""1μm diamond""]","[""Ammonium Persulfate"",""Ferric Chloride""]",,,,,,,,"[""Electronics"",""Springs"",""Aerospace""]","[""Springs"",""Electrical contacts"",""Aerospace components""]",High-strength copper-beryllium alloy with excellent spring properties and electrical conductivity.,published,true,34,0,0,2025-12-04 23:13:34.7156+00,2025-12-04 23:13:34.7156+00
b000c0ca-0a8d-4067-873f-ee95dc2f23e7,C26000 Cartridge Brass,c26000-cartridge-brass,Copper Alloy,"[""C26000"",""70/30 Brass"",""Cartridge Brass""]","[""brass"",""machinable"",""general-purpose""]",100 HB,100,,,8.53,915,380,125,Cu-30Zn,Alpha brass (single phase),alloy,soft,true,false,medium,Annealed,425,,,,,Use slow-speed diamond saw with coolant,Cold mounting with epoxy resin,"Start with 240 grit SiC, progress through 320, 400, 600",Use 6μm and 1μm diamond paste on napless cloth,Ammonium persulfate (10g in 100ml H2O) or ferric chloride solution,"[""240"",""320"",""400"",""600""]","[""6μm diamond"",""1μm diamond""]","[""Ammonium Persulfate"",""Ferric Chloride""]",,,,,,,,"[""Ammunition"",""Hardware"",""Decorative""]","[""Cartridge cases"",""Fasteners"",""Architectural""]",Most common brass alloy with excellent formability and machinability. Named for its use in cartridge cases.,published,true,31,0,0,2025-12-04 23:13:34.7156+00,2025-12-04 23:13:34.7156+00
9d5622c6-97d6-46a3-a44f-2420bef33bca,C36000 Free-Cutting Brass,c36000-free-cutting-brass,Copper Alloy,"[""C36000"",""360 Brass"",""Free-Cutting Brass""]","[""brass"",""machinable"",""lead-bearing""]",80 HB,80,,,8.50,900,310,125,Cu-35.5Zn-3Pb,Alpha brass with lead particles,alloy,soft,true,false,medium,As fabricated,,,,,,Use slow-speed diamond saw with coolant,Cold mounting with epoxy resin,"Start with 240 grit SiC, progress through 320, 400, 600",Use 6μm and 1μm diamond paste on napless cloth,Ammonium persulfate (10g in 100ml H2O) or ferric chloride solution,"[""240"",""320"",""400"",""600""]","[""6μm diamond"",""1μm diamond""]","[""Ammonium Persulfate"",""Ferric Chloride""]",,,,,,,,"[""Machining"",""Hardware"",""Plumbing""]","[""Screws"",""Nuts"",""Fittings""]",Lead-bearing brass with excellent machinability. Used for high-volume machined parts.,published,false,32,0,0,2025-12-04 23:13:34.7156+00,2025-12-04 23:13:34.7156+00
2086d79c-dc57-4417-a358-fe0c025b37ec,C46400 Naval Brass,c46400-naval-brass,Copper Alloy,"[""C46400"",""Naval Brass"",""64-1-1 Brass""]","[""brass"",""marine"",""corrosion-resistant""]",95 HB,95,,,8.41,900,380,125,Cu-39Zn-1Sn-0.5Pb,Alpha brass with some beta phase,alloy,soft,true,false,high,Annealed,425,,,,,Use slow-speed diamond saw with coolant,Cold mounting with epoxy resin,"Start with 240 grit SiC, progress through 320, 400, 600",Use 6μm and 1μm diamond paste on napless cloth,Ammonium persulfate or ferric chloride,"[""240"",""320"",""400"",""600""]","[""6μm diamond"",""1μm diamond""]","[""Ammonium Persulfate"",""Ferric Chloride""]",,,,,,,,"[""Marine"",""Hardware"",""Fasteners""]","[""Marine hardware"",""Fasteners"",""Propeller shafts""]",Tin-bearing brass with excellent corrosion resistance in seawater. Used extensively in marine applications.,published,true,37,0,0,2025-12-04 23:17:52.687032+00,2025-12-04 23:17:52.687032+00
097a00fe-d162-439c-bf4f-9eff5ad52d67,C51000 Phosphor Bronze,c51000-phosphor-bronze,Copper Alloy,"[""C51000"",""Phosphor Bronze"",""5% Tin Bronze""]","[""bronze"",""spring"",""wear-resistant""]",78 HB,78,,,8.86,1000,380,125,Cu-5Sn-0.2P,Alpha copper with tin-rich phase,alloy,soft,true,false,high,Annealed,425,,,,,Use slow-speed diamond saw with coolant,Cold mounting with epoxy resin,"Start with 240 grit SiC, progress through 320, 400, 600",Use 6μm and 1μm diamond paste on napless cloth,Ammonium persulfate or ferric chloride,"[""240"",""320"",""400"",""600""]","[""6μm diamond"",""1μm diamond""]","[""Ammonium Persulfate"",""Ferric Chloride""]",,,,,,,,"[""Springs"",""Bearings"",""Electrical""]","[""Springs"",""Bearings"",""Electrical contacts""]",Phosphor bronze with excellent spring properties and wear resistance. Used for springs and electrical contacts.,published,false,38,0,0,2025-12-04 23:17:52.687032+00,2025-12-04 23:17:52.687032+00
8b44fff9-756b-4080-a9a2-2451d9104d72,C63000 Aluminum Nickel Bronze,c63000-aluminum-nickel-bronze,Copper Alloy,"[""C63000"",""Aluminum Nickel Bronze"",""CuAl10Ni5Fe4""]","[""bronze"",""high-strength"",""corrosion-resistant""]",195 HB,195,,,7.5,1040,655,345,Cu-10Al-5Ni-4Fe,Alpha copper with beta phase and iron particles,alloy,medium,false,false,high,As cast or heat treated,900,,,,,Use slow-speed diamond saw with coolant,Cold mounting with epoxy resin,"Start with 240 grit SiC, progress through 320, 400, 600",Use 6μm and 1μm diamond paste on napless cloth,Ammonium persulfate or ferric chloride,"[""240"",""320"",""400"",""600""]","[""6μm diamond"",""1μm diamond""]","[""Ammonium Persulfate"",""Ferric Chloride""]",,,,,,,,"[""Marine"",""Bearings"",""Gears""]","[""Propellers"",""Bearings"",""Gears""]","Aluminum-nickel bronze with excellent strength, wear resistance, and corrosion resistance. Used in marine and bearing applications.",published,false,41,0,0,2025-12-04 23:26:57.541276+00,2025-12-04 23:26:57.541276+00
7c9e03d0-11de-41da-8885-1b397974b2c7,C71500 Cupronickel 70-30,c71500-cupronickel-70-30,Copper Alloy,"[""C71500"",""70-30 Cupronickel"",""CuNi30""]","[""corrosion-resistant"",""marine"",""nickel-alloy""]",65 HB,65,,,8.94,1170,380,125,Cu-30Ni-0.7Fe-0.5Mn,Alpha copper-nickel solid solution,alloy,soft,true,false,excellent,Annealed,600,,,,,Use slow-speed diamond saw with coolant,Cold mounting with epoxy resin,"Start with 240 grit SiC, progress through 320, 400, 600",Use 6μm and 1μm diamond paste on napless cloth,Ammonium persulfate (10g in 100ml H2O) or ferric chloride solution,"[""240"",""320"",""400"",""600""]","[""6μm diamond"",""1μm diamond""]","[""Ammonium Persulfate"",""Ferric Chloride""]",,,,,,,,"[""Marine"",""Desalination"",""Heat exchangers""]","[""Condenser tubes"",""Heat exchangers"",""Marine hardware""]","Copper-nickel alloy with excellent corrosion resistance, especially in seawater. Used extensively in marine applications.",published,false,33,0,0,2025-12-04 23:13:34.7156+00,2025-12-04 23:13:34.7156+00
4b1eb733-df9e-45ba-9ab9-7ce2e99a07c7,C86300 Manganese Bronze,c86300-manganese-bronze,Copper Alloy,"[""C86300"",""Manganese Bronze"",""High-Strength Bronze""]","[""bronze"",""high-strength"",""manganese""]",195 HB,195,,,7.6,900,655,345,Cu-25Zn-7Al-3Fe-3Mn,Alpha brass with beta phase and iron particles,alloy,medium,false,false,medium,As cast or heat treated,600,,,,,Use slow-speed diamond saw with coolant,Cold mounting with epoxy resin,"Start with 240 grit SiC, progress through 320, 400, 600",Use 6μm and 1μm diamond paste on napless cloth,Ammonium persulfate or ferric chloride,"[""240"",""320"",""400"",""600""]","[""6μm diamond"",""1μm diamond""]","[""Ammonium Persulfate"",""Ferric Chloride""]",,,,,,,,"[""Marine"",""Bearings"",""Gears""]","[""Propellers"",""Bearings"",""Gears""]",High-strength manganese bronze with excellent wear resistance. Used in marine and bearing applications.,published,false,39,0,0,2025-12-04 23:23:46.973681+00,2025-12-04 23:23:46.973681+00
33d2b42e-5d45-41a2-8f29-5a30cfaea775,C90700 Tin Bronze,c90700-tin-bronze,Copper Alloy,"[""C90700"",""90-10 Bronze"",""Tin Bronze""]","[""bronze"",""bearing"",""corrosion-resistant""]",70 HB,70,,,8.80,1000,240,124,Cu-10Sn,Alpha copper with tin-rich phase,alloy,soft,true,false,high,Annealed,425,,,,,Use slow-speed diamond saw with coolant,Cold mounting with epoxy resin,"Start with 240 grit SiC, progress through 320, 400, 600",Use 6μm and 1μm diamond paste on napless cloth,Ammonium persulfate or ferric chloride,"[""240"",""320"",""400"",""600""]","[""6μm diamond"",""1μm diamond""]","[""Ammonium Persulfate"",""Ferric Chloride""]",,,,,,,,"[""Bearings"",""Bushings"",""Marine""]","[""Bearings"",""Bushings"",""Marine hardware""]",Tin bronze with excellent bearing properties and corrosion resistance. Used in bearing and marine applications.,published,false,40,0,0,2025-12-04 23:23:46.973681+00,2025-12-04 23:23:46.973681+00
890923b2-5607-41e0-8f22-fc13652f27cc,C93200 Leaded Tin Bronze,c93200-leaded-tin-bronze,Copper Alloy,"[""C93200"",""SAE 660"",""Leaded Bronze""]","[""bronze"",""bearing"",""machinable""]",65 HB,65,,,8.93,899,240,124,Cu-7Sn-7Pb-0.1P,Alpha copper with lead particles,alloy,soft,false,false,medium,As cast,,,,,,Use slow-speed diamond saw with coolant,Cold mounting with epoxy resin,"Start with 240 grit SiC, progress through 320, 400, 600",Use 6μm and 1μm diamond paste on napless cloth,Ammonium persulfate or ferric chloride,"[""240"",""320"",""400"",""600""]","[""6μm diamond"",""1μm diamond""]","[""Ammonium Persulfate"",""Ferric Chloride""]",,,,,,,,"[""Bearings"",""Bushings"",""Gears""]","[""Bushings"",""Bearings"",""Gears""]",Leaded tin bronze with excellent bearing properties and machinability. Used in bearing and bushing applications.,published,false,36,0,0,2025-12-04 23:13:34.7156+00,2025-12-04 23:13:34.7156+00
5cc5923d-f716-4f27-8f30-a69bb85f7d33,C95400 Aluminum Bronze,c95400-aluminum-bronze,Copper Alloy,"[""C95400"",""Aluminum Bronze"",""9Al-4Fe-4Ni""]","[""bronze"",""wear-resistant"",""corrosion-resistant""]",170 HB,170,,,7.45,1040,655,276,Cu-9Al-4Fe-4Ni,Alpha copper with beta phase and iron particles,alloy,medium,false,false,high,As cast or heat treated,900,,,,,Use slow-speed diamond saw with coolant,Cold mounting with epoxy resin,"Start with 240 grit SiC, progress through 320, 400, 600",Use 6μm and 1μm diamond paste on napless cloth,Ammonium persulfate or ferric chloride,"[""240"",""320"",""400"",""600""]","[""6μm diamond"",""1μm diamond""]","[""Ammonium Persulfate"",""Ferric Chloride""]",,,,,,,,"[""Marine"",""Bearings"",""Gears""]","[""Propellers"",""Bearings"",""Gears""]",Aluminum bronze with excellent wear resistance and corrosion resistance. Used in marine and bearing applications.,published,false,35,0,0,2025-12-04 23:13:34.7156+00,2025-12-04 23:13:34.7156+00
7d4f8fb4-5173-4bbe-80dd-71114d6b3be1,Cobalt-Chromium Alloy (Stellite 6),cobalt-chromium-alloy-stellite-6,Cobalt Alloy,"[""Stellite 6"",""CoCr Alloy""]","[""wear-resistant"",""hardfacing"",""cobalt-base""]",450 HB,450,,,8.44,1295,690,450,Co-30Cr-4.5W-1.2C,Cobalt-chromium matrix with carbides,alloy,very-hard,false,false,high,As cast,,,,,,Use slow-speed diamond saw with coolant,Cold mounting with epoxy resin,"Start with 120 grit SiC, progress through 240, 320, 400, 600",Use 6μm and 1μm diamond paste on napless cloth,Glyceregia or electrolytic 10% oxalic acid,"[""120"",""240"",""320"",""400"",""600""]","[""6μm diamond"",""1μm diamond""]","[""Glyceregia"",""Electrolytic 10% Oxalic""]",,,,,,,,"[""Hardfacing"",""Wear parts"",""Valves""]","[""Valve seats"",""Wear plates"",""Cutting tools""]",Cobalt-chromium alloy with excellent wear resistance and hardness. Used for hardfacing and wear-resistant applications.,published,false,90,0,0,2025-12-04 23:13:34.7156+00,2025-12-04 23:13:34.7156+00
f33a76ff-0302-48a7-806b-1f5d8e245db1,Commercially Pure Titanium (Grade 2),commercially-pure-titanium-grade-2,Titanium Alloy,"[""CP Ti"",""Grade 2"",""ASTM B265""]","[""corrosion-resistant"",""biomedical"",""pure-titanium""]",120 HB,120,,,4.51,1668,345,275,Ti-0.25O-0.3Fe,Alpha titanium,metal,soft,true,false,excellent,Annealed,700,,,,,Use slow-speed diamond saw with coolant,Cold mounting with epoxy resin,"Start with 240 grit SiC, progress through 320, 400, 600",Use 6μm and 1μm diamond paste on napless cloth,"Kroll's reagent (2ml HF, 4ml HNO3, 94ml H2O) for 5-15 seconds","[""240"",""320"",""400"",""600""]","[""6μm diamond"",""1μm diamond""]","[""Kroll's Reagent"",""Modified Kroll's""]",,,,,,,,"[""Chemical processing"",""Biomedical"",""Marine""]","[""Chemical equipment"",""Medical implants"",""Heat exchangers""]",Unalloyed titanium with excellent corrosion resistance and biocompatibility. Used in chemical processing and medical applications.,published,true,41,0,0,2025-12-04 23:13:34.7156+00,2025-12-04 23:13:34.7156+00
8cc08303-f8aa-4676-a688-e996991acebd,Commercially Pure Titanium Grade 1,commercially-pure-titanium-grade-1,Titanium Alloy,"[""CP Ti Grade 1"",""Grade 1"",""ASTM B265""]","[""pure-titanium"",""corrosion-resistant"",""biomedical""]",115 HB,115,,,4.51,1668,240,170,Ti-0.2O-0.2Fe,Alpha titanium,metal,soft,true,false,excellent,Annealed,700,,,,,Use slow-speed diamond saw with coolant,Cold mounting with epoxy resin,"Start with 240 grit SiC, progress through 320, 400, 600",Use 6μm and 1μm diamond paste on napless cloth,Kroll's reagent for 5-15 seconds,"[""240"",""320"",""400"",""600""]","[""6μm diamond"",""1μm diamond""]","[""Kroll's Reagent"",""Modified Kroll's""]",,,,,,,,"[""Chemical processing"",""Biomedical"",""Marine""]","[""Chemical equipment"",""Medical implants"",""Heat exchangers""]",Highest purity unalloyed titanium with excellent formability and corrosion resistance. Used in chemical processing and medical applications.,published,false,45,0,0,2025-12-04 23:23:46.973681+00,2025-12-04 23:23:46.973681+00
5d7a4574-8f34-4fc6-b473-d1c9993d8d5b,Commercially Pure Titanium Grade 3,commercially-pure-titanium-grade-3,Titanium Alloy,"[""CP Ti Grade 3"",""Grade 3"",""ASTM B265""]","[""pure-titanium"",""corrosion-resistant"",""biomedical""]",140 HB,140,,,4.51,1668,345,275,Ti-0.35O-0.3Fe,Alpha titanium,metal,soft,true,false,excellent,Annealed,700,,,,,Use slow-speed diamond saw with coolant,Cold mounting with epoxy resin,"Start with 240 grit SiC, progress through 320, 400, 600",Use 6μm and 1μm diamond paste on napless cloth,Kroll's reagent for 5-15 seconds,"[""240"",""320"",""400"",""600""]","[""6μm diamond"",""1μm diamond""]","[""Kroll's Reagent"",""Modified Kroll's""]",,,,,,,,"[""Chemical processing"",""Biomedical"",""Marine""]","[""Chemical equipment"",""Medical implants"",""Heat exchangers""]",Medium-strength unalloyed titanium with good balance of strength and formability. Used in chemical processing and medical applications.,published,false,46,0,0,2025-12-04 23:23:46.973681+00,2025-12-04 23:23:46.973681+00
e2d0be52-1e84-4128-952d-6708d2bb6df0,Commercially Pure Titanium Grade 4,commercially-pure-titanium-grade-4,Titanium Alloy,"[""CP Ti Grade 4"",""Grade 4"",""ASTM B265""]","[""pure-titanium"",""corrosion-resistant"",""biomedical""]",200 HB,200,,,4.51,1668,550,483,Ti-0.40O-0.5Fe,Alpha titanium,metal,soft,true,false,excellent,Annealed,700,,,,,Use slow-speed diamond saw with coolant,Cold mounting with epoxy resin,"Start with 240 grit SiC, progress through 320, 400, 600",Use 6μm and 1μm diamond paste on napless cloth,Kroll's reagent for 5-15 seconds,"[""240"",""320"",""400"",""600""]","[""6μm diamond"",""1μm diamond""]","[""Kroll's Reagent"",""Modified Kroll's""]",,,,,,,,"[""Chemical processing"",""Biomedical"",""Marine""]","[""Chemical equipment"",""Medical implants"",""Heat exchangers""]",Highest strength unalloyed titanium with excellent corrosion resistance. Used in chemical processing and medical applications.,published,false,47,0,0,2025-12-04 23:23:46.973681+00,2025-12-04 23:23:46.973681+00
d3bce972-de20-4ca8-90fb-53c9ba89190f,Compacted Graphite Iron,compacted-graphite-iron,Cast Iron,"[""CGI"",""Vermicular Graphite Iron""]","[""cast-iron"",""graphite"",""automotive""]",230 HB,230,,,7.1,1150,450,320,Fe-3.5C-2.5Si-0.5Mn-0.04Mg,Pearlite matrix with compacted graphite,alloy,medium,false,true,low,As cast,,,,,,Use abrasive cutoff wheel with coolant,Cold mounting with epoxy resin,"Start with 120 grit SiC, progress through 240, 320, 400, 600",Use 6μm and 1μm diamond paste on napless cloth,2% nital for 10-20 seconds,"[""120"",""240"",""320"",""400"",""600""]","[""6μm diamond"",""1μm diamond""]","[""2% Nital"",""4% Picral""]",,,,,,,,"[""Automotive"",""Diesel engines""]","[""Engine blocks"",""Cylinder heads"",""Diesel engines""]",Cast iron with compacted graphite providing properties between gray and ductile iron. Used in modern diesel engines.,published,true,74,0,0,2025-12-04 23:23:46.973681+00,2025-12-04 23:23:46.973681+00
2146f3f9-56e1-46ea-927d-37fe536500d2,D2 Tool Steel,d2-tool-steel,Tool Steel,"[""D2"",""AISI D2"",""1.2379""]","[""cold-work"",""high-carbon"",""high-chromium""]",255 HB,255,,,7.70,1420,760,620,Fe-1.5C-12Cr-0.8Mo-0.9V,Martensite with primary and secondary carbides,alloy,very-hard,false,true,medium,Quenched and tempered,1025,,,,,Use abrasive cutoff wheel with coolant,Cold mounting with epoxy resin,"Start with 120 grit SiC, progress through 240, 320, 400, 600",Use 6μm and 1μm diamond paste on napless cloth,2% nital or Vilella's reagent,"[""120"",""240"",""320"",""400"",""600""]","[""6μm diamond"",""1μm diamond""]","[""2% Nital"",""Vilella's Reagent""]",,,,,,,,"[""Cutting tools"",""Dies"",""Molds""]","[""Blades"",""Punches"",""Forming dies""]","High-carbon, high-chromium tool steel with excellent wear resistance. Used for cold-work applications.",published,false,60,0,0,2025-12-04 23:13:34.7156+00,2025-12-04 23:13:34.7156+00
e718da24-7e73-457a-868b-a17f652e08c1,Ductile Cast Iron,ductile-cast-iron,Cast Iron,"[""Nodular Iron"",""Spheroidal Graphite Iron"",""SG Iron""]","[""cast-iron"",""graphite"",""ductile""]",217 HB,217,,,7.1,1150,414,276,Fe-3.5C-2.5Si-0.5Mn-0.04Mg,Pearlite matrix with spheroidal graphite,alloy,medium,false,true,low,As cast or normalized,900,,,,,Use abrasive cutoff wheel with coolant,Cold mounting with epoxy resin,"Start with 120 grit SiC, progress through 240, 320, 400, 600",Use 6μm and 1μm diamond paste on napless cloth,2% nital for 10-20 seconds,"[""120"",""240"",""320"",""400"",""600""]","[""6μm diamond"",""1μm diamond""]","[""2% Nital"",""4% Picral""]",,,,,,,,"[""Automotive"",""Pipes"",""Valves""]","[""Crankshafts"",""Gears"",""Pipe fittings""]",Cast iron with spheroidal graphite providing improved ductility and strength compared to gray iron.,published,true,71,0,0,2025-12-04 23:13:34.7156+00,2025-12-04 23:13:34.7156+00
fc410adb-dbc1-4469-b123-a6ab646a80ee,Gray Cast Iron,gray-cast-iron,Cast Iron,"[""Gray Iron"",""Flake Graphite Iron""]","[""cast-iron"",""graphite"",""machinable""]",187 HB,187,,,7.1,1150,250,,Fe-3.5C-2.5Si-0.5Mn,Pearlite matrix with flake graphite,alloy,medium,false,true,low,As cast or annealed,900,,,,,Use abrasive cutoff wheel with coolant,Cold mounting with epoxy resin,"Start with 120 grit SiC, progress through 240, 320, 400, 600",Use 6μm and 1μm diamond paste on napless cloth,2% nital for 10-20 seconds,"[""120"",""240"",""320"",""400"",""600""]","[""6μm diamond"",""1μm diamond""]","[""2% Nital"",""4% Picral""]",,,,,,,,"[""Automotive"",""Machinery"",""Construction""]","[""Engine blocks"",""Machine bases"",""Pipes""]",Cast iron with flake graphite providing good machinability and damping capacity. Most common cast iron type.,published,true,70,0,0,2025-12-04 23:13:34.7156+00,2025-12-04 23:13:34.7156+00
c24b52b0-1d77-497e-88fb-6886a9e9521a,H11 Hot-Work Tool Steel,h11-hot-work-tool-steel,Tool Steel,"[""H11"",""AISI H11"",""1.2343""]","[""hot-work"",""die-steel"",""chromium""]",192 HB,192,,,7.80,1427,1420,1170,Fe-0.40C-5Cr-1.5Mo-0.4V,Tempered martensite with carbides,alloy,medium,false,true,low,Quenched and tempered,1025,,,,,Use abrasive cutoff wheel with coolant,Cold mounting with epoxy resin,"Start with 120 grit SiC, progress through 240, 320, 400, 600",Use 6μm and 1μm diamond paste on napless cloth,2% nital or Vilella's reagent,"[""120"",""240"",""320"",""400"",""600""]","[""6μm diamond"",""1μm diamond""]","[""2% Nital"",""Vilella's Reagent""]",,,,,,,,"[""Die casting"",""Forging"",""Extrusion""]","[""Die casting dies"",""Extrusion dies"",""Hot forging dies""]",Chromium hot-work tool steel with excellent hot hardness. Similar to H13 but with slightly different properties.,published,false,67,0,0,2025-12-04 23:23:46.973681+00,2025-12-04 23:23:46.973681+00
3633641b-26b4-4353-b7ff-ab04a4bc43bd,H13 Hot-Work Tool Steel,h13-hot-work-tool-steel,Tool Steel,"[""H13"",""AISI H13"",""1.2344""]","[""hot-work"",""die-steel"",""chromium""]",192 HB,192,,,7.80,1427,1420,1170,Fe-0.40C-5Cr-1.5Mo-1V,Tempered martensite with carbides,alloy,medium,false,true,low,Quenched and tempered,1025,,,,,Use abrasive cutoff wheel with coolant,Cold mounting with epoxy resin,"Start with 120 grit SiC, progress through 240, 320, 400, 600",Use 6μm and 1μm diamond paste on napless cloth,2% nital or Vilella's reagent,"[""120"",""240"",""320"",""400"",""600""]","[""6μm diamond"",""1μm diamond""]","[""2% Nital"",""Vilella's Reagent""]",,,,,,,,"[""Die casting"",""Forging"",""Extrusion""]","[""Die casting dies"",""Extrusion dies"",""Hot forging dies""]",Chromium hot-work tool steel with excellent hot hardness and thermal shock resistance. Most common hot-work die steel.,published,true,62,0,0,2025-12-04 23:17:52.687032+00,2025-12-04 23:17:52.687032+00
6642c78f-654a-43cb-89ff-17645cd22760,H21 Hot-Work Tool Steel,h21-hot-work-tool-steel,Tool Steel,"[""H21"",""AISI H21"",""1.2581""]","[""hot-work"",""tungsten"",""die-steel""]",217 HB,217,,,8.00,1420,760,620,Fe-0.30C-3.5Cr-9W-0.5V,Tempered martensite with carbides,alloy,medium,false,true,low,Quenched and tempered,1200,,,,,Use abrasive cutoff wheel with coolant,Cold mounting with epoxy resin,"Start with 120 grit SiC, progress through 240, 320, 400, 600",Use 6μm and 1μm diamond paste on napless cloth,2% nital or Vilella's reagent,"[""120"",""240"",""320"",""400"",""600""]","[""6μm diamond"",""1μm diamond""]","[""2% Nital"",""Vilella's Reagent""]",,,,,,,,"[""Die casting"",""Forging"",""Hot-work""]","[""Die casting dies"",""Hot forging dies"",""Extrusion dies""]",Tungsten hot-work tool steel with excellent hot hardness and wear resistance. Used for high-temperature die applications.,published,false,68,0,0,2025-12-04 23:23:46.973681+00,2025-12-04 23:23:46.973681+00
604ea8b5-8e9f-4c71-a2a0-6513222b8bc6,Hastelloy B-2,hastelloy-b-2,Nickel Alloy,"[""Hastelloy B-2"",""UNS N10665"",""Alloy B-2""]","[""nickel-molybdenum"",""corrosion-resistant"",""chemical""]",150 HB,150,,,9.22,1330,690,315,Ni-28Mo-0.01C,Austenite,alloy,soft,true,false,excellent,Solution annealed,1065,,,,,Use slow-speed diamond saw with coolant,Cold mounting with epoxy resin,"Start with 120 grit SiC, progress through 240, 320, 400, 600",Use 6μm and 1μm diamond paste on napless cloth,Glyceregia or electrolytic 10% oxalic acid,"[""120"",""240"",""320"",""400"",""600""]","[""6μm diamond"",""1μm diamond""]","[""Glyceregia"",""Electrolytic 10% Oxalic""]",,,,,,,,"[""Chemical processing"",""Pharmaceutical""]","[""Chemical reactors"",""Pharmaceutical equipment"",""Acid handling""]",Nickel-molybdenum alloy with excellent resistance to reducing acids. Used in aggressive chemical environments.,published,false,63,0,0,2025-12-04 23:23:46.973681+00,2025-12-04 23:23:46.973681+00
52353e73-f67b-4575-9d16-4e64d8407c05,Hastelloy C-22,hastelloy-c-22,Nickel Alloy,"[""Hastelloy C-22"",""UNS N06022"",""Alloy C-22""]","[""nickel-base"",""corrosion-resistant"",""chemical""]",150 HB,150,,,8.69,1350,690,315,Ni-22Cr-13Mo-3W-0.01C,Austenite,alloy,soft,true,false,excellent,Solution annealed,1150,,,,,Use slow-speed diamond saw with coolant,Cold mounting with epoxy resin,"Start with 120 grit SiC, progress through 240, 320, 400, 600",Use 6μm and 1μm diamond paste on napless cloth,Glyceregia or electrolytic 10% oxalic acid,"[""120"",""240"",""320"",""400"",""600""]","[""6μm diamond"",""1μm diamond""]","[""Glyceregia"",""Electrolytic 10% Oxalic""]",,,,,,,,"[""Chemical processing"",""Pollution control"",""Pharmaceutical""]","[""Chemical reactors"",""Scrubbers"",""Pharmaceutical equipment""]",Nickel-chromium-molybdenum superalloy with outstanding corrosion resistance. Improved version of C-276.,published,false,64,0,0,2025-12-04 23:23:46.973681+00,2025-12-04 23:23:46.973681+00
76c553ff-b56c-49f9-84ed-9efb83430dc0,Hastelloy C-276,hastelloy-c-276,Nickel Alloy,"[""Hastelloy C-276"",""UNS N10276"",""Alloy C-276""]","[""corrosion-resistant"",""chemical"",""nickel-base""]",210 HB,210,,,8.89,1325,690,315,Ni-16Cr-16Mo-4W-0.01C,Austenite,alloy,medium,true,false,excellent,Solution annealed,1150,,,,,Use slow-speed diamond saw with coolant,Cold mounting with epoxy resin,"Start with 120 grit SiC, progress through 240, 320, 400, 600",Use 6μm and 1μm diamond paste on napless cloth,Glyceregia or electrolytic 10% oxalic acid,"[""120"",""240"",""320"",""400"",""600""]","[""6μm diamond"",""1μm diamond""]","[""Glyceregia"",""Electrolytic 10% Oxalic""]",,,,,,,,"[""Chemical processing"",""Pollution control"",""Pharmaceutical""]","[""Chemical reactors"",""Scrubbers"",""Heat exchangers""]",Nickel-molybdenum-chromium superalloy with outstanding corrosion resistance to a wide range of chemicals.,published,false,52,0,0,2025-12-04 23:13:34.7156+00,2025-12-04 23:13:34.7156+00
3cb61be4-fb5e-4e9d-87a7-8dc69801df1b,Hastelloy X,hastelloy-x,Nickel Alloy,"[""Hastelloy X"",""UNS N06002"",""Alloy X""]","[""superalloy"",""high-temperature"",""nickel-base""]",150 HB,150,,,8.22,1350,655,240,Ni-22Cr-18.5Fe-9Mo-0.6W-0.1C,Austenite with carbides,alloy,soft,true,false,excellent,Solution annealed,1175,,,,,Use slow-speed diamond saw with coolant,Cold mounting with epoxy resin,"Start with 120 grit SiC, progress through 240, 320, 400, 600",Use 6μm and 1μm diamond paste on napless cloth,Glyceregia or electrolytic 10% oxalic acid,"[""120"",""240"",""320"",""400"",""600""]","[""6μm diamond"",""1μm diamond""]","[""Glyceregia"",""Electrolytic 10% Oxalic""]",,,,,,,,"[""Aerospace"",""Gas turbines"",""Heat treatment""]","[""Gas turbines"",""Furnace components"",""Heat exchangers""]",Nickel-based superalloy with excellent high-temperature strength and oxidation resistance.,published,false,54,0,0,2025-12-04 23:13:34.7156+00,2025-12-04 23:13:34.7156+00
55f813b1-626c-4c7b-8ace-97c032c71155,Haynes 230,haynes-230,Nickel Alloy,"[""Haynes 230"",""UNS N06230"",""Alloy 230""]","[""superalloy"",""high-temperature"",""nickel-base""]",150 HB,150,,,8.97,1330,760,310,Ni-22Cr-14W-2Mo-0.1C-0.3Al-0.02La,Austenite with carbides,alloy,soft,true,false,excellent,Solution annealed,1230,,,,,Use slow-speed diamond saw with coolant,Cold mounting with epoxy resin,"Start with 120 grit SiC, progress through 240, 320, 400, 600",Use 6μm and 1μm diamond paste on napless cloth,Glyceregia or electrolytic 10% oxalic acid,"[""120"",""240"",""320"",""400"",""600""]","[""6μm diamond"",""1μm diamond""]","[""Glyceregia"",""Electrolytic 10% Oxalic""]",,,,,,,,"[""Gas turbines"",""Heat treatment"",""Aerospace""]","[""Gas turbine components"",""Furnace components"",""Aerospace components""]",Nickel-based superalloy with excellent high-temperature strength and oxidation resistance. Used in gas turbines and heat treatment.,published,false,66,0,0,2025-12-04 23:23:46.973681+00,2025-12-04 23:23:46.973681+00
0d01b0a6-828a-4cd4-b5f9-3fb6a13d950b,Incoloy 800,incoloy-800,Nickel Alloy,"[""Incoloy 800"",""UNS N08800"",""Alloy 800""]","[""nickel-iron"",""high-temperature"",""corrosion-resistant""]",150 HB,150,,,8.0,1380,515,205,Ni-21Cr-32Fe-0.4Ti-0.4Al,Austenite with gamma prime,alloy,soft,true,false,excellent,Solution annealed,1150,,,,,Use slow-speed diamond saw with coolant,Cold mounting with epoxy resin,"Start with 120 grit SiC, progress through 240, 320, 400, 600",Use 6μm and 1μm diamond paste on napless cloth,Glyceregia or electrolytic 10% oxalic acid,"[""120"",""240"",""320"",""400"",""600""]","[""6μm diamond"",""1μm diamond""]","[""Glyceregia"",""Electrolytic 10% Oxalic""]",,,,,,,,"[""Heat treatment"",""Chemical processing"",""Power generation""]","[""Heat treatment equipment"",""Furnace components"",""Heat exchangers""]",Nickel-iron-chromium alloy with excellent high-temperature strength and oxidation resistance. Used in heat treatment and power generation.,published,false,57,0,0,2025-12-04 23:17:52.687032+00,2025-12-04 23:17:52.687032+00
4441a728-e35e-4962-9a2c-2a3a149f61a9,Incoloy 825,incoloy-825,Nickel Alloy,"[""Incoloy 825"",""UNS N08825"",""Alloy 825""]","[""nickel-iron"",""corrosion-resistant"",""chemical""]",150 HB,150,,,8.14,1377,586,241,Ni-21.5Cr-30Fe-3Mo-2.3Cu-0.9Ti-0.6Al,Austenite with gamma prime,alloy,soft,true,false,excellent,Solution annealed,1150,,,,,Use slow-speed diamond saw with coolant,Cold mounting with epoxy resin,"Start with 120 grit SiC, progress through 240, 320, 400, 600",Use 6μm and 1μm diamond paste on napless cloth,Glyceregia or electrolytic 10% oxalic acid,"[""120"",""240"",""320"",""400"",""600""]","[""6μm diamond"",""1μm diamond""]","[""Glyceregia"",""Electrolytic 10% Oxalic""]",,,,,,,,"[""Chemical processing"",""Marine"",""Oil and gas""]","[""Chemical reactors"",""Marine equipment"",""Oil and gas equipment""]",Nickel-iron-chromium alloy with excellent corrosion resistance to sulfuric and phosphoric acids. Used in chemical processing.,published,false,61,0,0,2025-12-04 23:23:46.973681+00,2025-12-04 23:23:46.973681+00
4ac686b6-e232-439d-8191-7bc17e5ee237,Incoloy 925,incoloy-925,Nickel Alloy,"[""Incoloy 925"",""UNS N09925"",""Alloy 925""]","[""precipitation-hardening"",""corrosion-resistant"",""nickel-iron""]",310 HB,310,32,,8.14,1377,860,690,Ni-21Cr-30Fe-3Mo-2.3Cu-0.9Ti-0.6Al,Austenite with gamma prime precipitates,alloy,very-hard,false,false,excellent,Solution treated and aged,1150,,,,,Use slow-speed diamond saw with coolant,Cold mounting with epoxy resin,"Start with 120 grit SiC, progress through 240, 320, 400, 600",Use 6μm and 1μm diamond paste on napless cloth,Glyceregia or electrolytic 10% oxalic acid,"[""120"",""240"",""320"",""400"",""600""]","[""6μm diamond"",""1μm diamond""]","[""Glyceregia"",""Electrolytic 10% Oxalic""]",,,,,,,,"[""Oil and gas"",""Chemical processing"",""Marine""]","[""Oil and gas equipment"",""Chemical reactors"",""Marine equipment""]",Precipitation-hardening nickel-iron alloy with excellent strength and corrosion resistance. Used in demanding oil and gas applications.,published,false,62,0,0,2025-12-04 23:23:46.973681+00,2025-12-04 23:23:46.973681+00
f6628d3f-97e7-460e-9bce-6f78205d65c7,Inconel 600,inconel-600,Nickel Alloy,"[""IN600"",""UNS N06600"",""Alloy 600""]","[""nickel-base"",""corrosion-resistant"",""high-temperature""]",126 HB,126,,,8.47,1371,550,240,Ni-15.5Cr-8Fe-0.08C,Austenite,alloy,soft,true,false,excellent,Solution annealed,1150,,,,,Use slow-speed diamond saw with coolant,Cold mounting with epoxy resin,"Start with 120 grit SiC, progress through 240, 320, 400, 600",Use 6μm and 1μm diamond paste on napless cloth,Glyceregia or electrolytic 10% oxalic acid,"[""120"",""240"",""320"",""400"",""600""]","[""6μm diamond"",""1μm diamond""]","[""Glyceregia"",""Electrolytic 10% Oxalic""]",,,,,,,,"[""Chemical processing"",""Heat treatment"",""Nuclear""]","[""Heat treatment equipment"",""Chemical reactors"",""Nuclear reactors""]",Nickel-chromium alloy with excellent corrosion resistance and high-temperature strength. Used in heat treatment and chemical processing.,published,false,56,0,0,2025-12-04 23:17:52.687032+00,2025-12-04 23:17:52.687032+00
6fe71884-aa35-4c95-8704-82dfed0db966,Inconel 601,inconel-601,Nickel Alloy,"[""IN601"",""UNS N06601"",""Alloy 601""]","[""nickel-base"",""corrosion-resistant"",""high-temperature""]",150 HB,150,,,8.10,1371,655,240,Ni-23Cr-14Fe-1.4Al-0.08C,Austenite with gamma prime,alloy,soft,true,false,excellent,Solution annealed,1150,,,,,Use slow-speed diamond saw with coolant,Cold mounting with epoxy resin,"Start with 120 grit SiC, progress through 240, 320, 400, 600",Use 6μm and 1μm diamond paste on napless cloth,Glyceregia or electrolytic 10% oxalic acid,"[""120"",""240"",""320"",""400"",""600""]","[""6μm diamond"",""1μm diamond""]","[""Glyceregia"",""Electrolytic 10% Oxalic""]",,,,,,,,"[""Heat treatment"",""Chemical processing"",""Power generation""]","[""Heat treatment equipment"",""Furnace components"",""Heat exchangers""]",Nickel-chromium-iron alloy with excellent high-temperature strength and oxidation resistance. Used in heat treatment and power generation.,published,false,58,0,0,2025-12-04 23:23:46.973681+00,2025-12-04 23:23:46.973681+00
c08cb6fe-a549-4316-8713-225b6b39bc1a,Inconel 617,inconel-617,Nickel Alloy,"[""IN617"",""UNS N06617"",""Alloy 617""]","[""superalloy"",""high-temperature"",""nickel-base""]",150 HB,150,,,8.36,1330,655,240,Ni-22Cr-12.5Co-9Mo-1.2Al-0.07C,Austenite with gamma prime,alloy,soft,true,false,excellent,Solution annealed,1175,,,,,Use slow-speed diamond saw with coolant,Cold mounting with epoxy resin,"Start with 120 grit SiC, progress through 240, 320, 400, 600",Use 6μm and 1μm diamond paste on napless cloth,Glyceregia or electrolytic 10% oxalic acid,"[""120"",""240"",""320"",""400"",""600""]","[""6μm diamond"",""1μm diamond""]","[""Glyceregia"",""Electrolytic 10% Oxalic""]",,,,,,,,"[""Gas turbines"",""Nuclear"",""Aerospace""]","[""Gas turbine components"",""Nuclear reactors"",""Aerospace components""]",Nickel-based superalloy with excellent high-temperature strength and creep resistance. Used in gas turbines and nuclear applications.,published,true,59,0,0,2025-12-04 23:23:46.973681+00,2025-12-04 23:23:46.973681+00
88b3688b-df41-4acb-b6ca-47c90c7a6441,Inconel 625,inconel-625,Nickel Alloy,"[""IN625"",""UNS N06625"",""Alloy 625""]","[""corrosion-resistant"",""high-temperature"",""nickel-base""]",150 HB,150,,,8.44,1290,760,345,Ni-21.5Cr-9Mo-3.6Nb-0.2Ti,Austenite with gamma prime and carbides,alloy,soft,true,false,excellent,Solution annealed,1150,,,,,Use slow-speed diamond saw with coolant,Cold mounting with epoxy resin,"Start with 120 grit SiC, progress through 240, 320, 400, 600",Use 6μm and 1μm diamond paste on napless cloth,Glyceregia or electrolytic 10% oxalic acid,"[""120"",""240"",""320"",""400"",""600""]","[""6μm diamond"",""1μm diamond""]","[""Glyceregia"",""Electrolytic 10% Oxalic""]",,,,,,,,"[""Aerospace"",""Chemical processing"",""Marine""]","[""Gas turbines"",""Heat exchangers"",""Chemical reactors""]",Nickel-chromium-molybdenum superalloy with excellent corrosion resistance and high-temperature strength.,published,true,50,0,0,2025-12-04 23:13:34.7156+00,2025-12-04 23:13:34.7156+00
ce7d30a0-ae1d-4eef-909c-d574970db940,Inconel 690,inconel-690,Nickel Alloy,"[""IN690"",""UNS N06690"",""Alloy 690""]","[""nickel-base"",""corrosion-resistant"",""nuclear""]",150 HB,150,,,8.30,1343,550,240,Ni-30Cr-9Fe-0.02C,Austenite,alloy,soft,true,false,excellent,Solution annealed,1150,,,,,Use slow-speed diamond saw with coolant,Cold mounting with epoxy resin,"Start with 120 grit SiC, progress through 240, 320, 400, 600",Use 6μm and 1μm diamond paste on napless cloth,Glyceregia or electrolytic 10% oxalic acid,"[""120"",""240"",""320"",""400"",""600""]","[""6μm diamond"",""1μm diamond""]","[""Glyceregia"",""Electrolytic 10% Oxalic""]",,,,,,,,"[""Nuclear"",""Chemical processing"",""Power generation""]","[""Nuclear reactors"",""Steam generators"",""Heat exchangers""]","Nickel-chromium alloy with excellent corrosion resistance, especially to stress-corrosion cracking. Used extensively in nuclear applications.",published,true,60,0,0,2025-12-04 23:23:46.973681+00,2025-12-04 23:23:46.973681+00
1edd905d-c189-4271-ae78-2f3f3e2ed849,Inconel 718,inconel-718,Nickel Alloy,"[""IN718"",""UNS N07718"",""Alloy 718""]","[""superalloy"",""aerospace"",""precipitation-hardening""]",352 HB,352,40,,8.19,1260,1276,1035,Ni-19Cr-18Fe-5Nb-3Mo-0.9Ti-0.5Al,Gamma matrix with gamma prime and gamma double prime,alloy,very-hard,false,false,excellent,Solution treated and aged,980,,,,,Use slow-speed diamond saw with coolant,Cold mounting with epoxy resin,"Start with 120 grit SiC, progress through 240, 320, 400, 600",Use 6μm and 1μm diamond paste on napless cloth,Glyceregia or electrolytic 10% oxalic acid,"[""120"",""240"",""320"",""400"",""600""]","[""6μm diamond"",""1μm diamond""]","[""Glyceregia"",""Electrolytic 10% Oxalic""]",,,,,,,,"[""Aerospace"",""Gas turbines"",""Nuclear""]","[""Jet engines"",""Gas turbines"",""Nuclear reactors""]",Nickel-based superalloy with excellent high-temperature strength and corrosion resistance. Most widely used superalloy.,published,true,53,0,0,2025-12-04 23:13:34.7156+00,2025-12-04 23:13:34.7156+00
d137a89a-a28c-42fa-a07e-34efc46c3c1e,Inconel 725,inconel-725,Nickel Alloy,"[""IN725"",""UNS N07725"",""Alloy 725""]","[""precipitation-hardening"",""corrosion-resistant"",""nickel-base""]",310 HB,310,32,,8.31,1343,1100,860,Ni-21Cr-8Mo-3.4Nb-1Ti-0.2Al,Gamma matrix with gamma prime and gamma double prime,alloy,very-hard,false,false,excellent,Solution treated and aged,1150,,,,,Use slow-speed diamond saw with coolant,Cold mounting with epoxy resin,"Start with 120 grit SiC, progress through 240, 320, 400, 600",Use 6μm and 1μm diamond paste on napless cloth,Glyceregia or electrolytic 10% oxalic acid,"[""120"",""240"",""320"",""400"",""600""]","[""6μm diamond"",""1μm diamond""]","[""Glyceregia"",""Electrolytic 10% Oxalic""]",,,,,,,,"[""Oil and gas"",""Marine"",""Chemical processing""]","[""Oil and gas equipment"",""Marine equipment"",""Chemical reactors""]",Precipitation-hardening nickel alloy with excellent strength and corrosion resistance. Used in demanding oil and gas applications.,published,false,67,0,0,2025-12-04 23:26:57.541276+00,2025-12-04 23:26:57.541276+00
064c0566-9dae-4514-a775-71c13a3b0838,M2 High-Speed Steel,m2-high-speed-steel,Tool Steel,"[""M2"",""AISI M2"",""1.3343""]","[""high-speed-steel"",""cutting-tools"",""tungsten""]",262 HB,262,,,8.10,1420,760,620,Fe-0.85C-6W-5Mo-4Cr-2V,Martensite with complex carbides,alloy,very-hard,false,true,low,Quenched and tempered,1220,,,,,Use abrasive cutoff wheel with coolant,Cold mounting with epoxy resin,"Start with 120 grit SiC, progress through 240, 320, 400, 600",Use 6μm and 1μm diamond paste on napless cloth,2% nital or Vilella's reagent,"[""120"",""240"",""320"",""400"",""600""]","[""6μm diamond"",""1μm diamond""]","[""2% Nital"",""Vilella's Reagent""]",,,,,,,,"[""Cutting tools"",""Drills"",""End mills""]","[""Drill bits"",""Milling cutters"",""Taps""]",Tungsten-molybdenum high-speed steel with excellent hot hardness. Used for cutting tools.,published,false,61,0,0,2025-12-04 23:13:34.7156+00,2025-12-04 23:13:34.7156+00
45f1a7e9-322a-425e-bb0e-0a70e80a12d7,M42 High-Speed Steel,m42-high-speed-steel,Tool Steel,"[""M42"",""AISI M42"",""1.3247""]","[""high-speed-steel"",""cobalt"",""cutting-tools""]",262 HB,262,,,8.10,1420,760,620,Fe-1.1C-9.5Mo-1.5W-4Cr-1.1V-8Co,Martensite with complex carbides,alloy,very-hard,false,true,low,Quenched and tempered,1220,,,,,Use abrasive cutoff wheel with coolant,Cold mounting with epoxy resin,"Start with 120 grit SiC, progress through 240, 320, 400, 600",Use 6μm and 1μm diamond paste on napless cloth,2% nital or Vilella's reagent,"[""120"",""240"",""320"",""400"",""600""]","[""6μm diamond"",""1μm diamond""]","[""2% Nital"",""Vilella's Reagent""]",,,,,,,,"[""Cutting tools"",""Drills"",""End mills""]","[""Cutting tools"",""Drill bits"",""Milling cutters""]",Cobalt-bearing high-speed steel with excellent hot hardness. Used for high-performance cutting tools.,published,false,74,0,0,2025-12-04 23:23:46.973681+00,2025-12-04 23:23:46.973681+00
0a81f583-4149-4ba6-952b-9f23ee505e8b,Malleable Cast Iron,malleable-cast-iron,Cast Iron,"[""Malleable Iron"",""Nodular Graphite Iron""]","[""cast-iron"",""graphite"",""ductile""]",163 HB,163,,,7.2,1150,345,207,Fe-2.5C-1.0Si-0.5Mn,Ferrite or pearlite matrix with temper carbon nodules,alloy,soft,false,true,low,Annealed (malleabilized),900,,,,,Use abrasive cutoff wheel with coolant,Cold mounting with epoxy resin,"Start with 120 grit SiC, progress through 240, 320, 400, 600",Use 6μm and 1μm diamond paste on napless cloth,2% nital for 10-20 seconds,"[""120"",""240"",""320"",""400"",""600""]","[""6μm diamond"",""1μm diamond""]","[""2% Nital"",""4% Picral""]",,,,,,,,"[""Automotive"",""Hardware"",""Pipes""]","[""Automotive parts"",""Pipe fittings"",""Hardware""]","Cast iron heat treated to produce temper carbon nodules, providing improved ductility compared to gray iron.",published,false,73,0,0,2025-12-04 23:17:52.687032+00,2025-12-04 23:17:52.687032+00
1322ca99-f469-4718-83a7-b4784df33200,Molybdenum,molybdenum,Refractory Metal,"[""Mo"",""Pure Molybdenum""]","[""refractory"",""high-temperature"",""high-melting""]",150 HB,150,,,10.2,2623,345,240,Mo-99.9Mo,Body-centered cubic molybdenum,metal,soft,false,false,medium,Annealed,1200,,,,,Use slow-speed diamond saw with coolant,Cold mounting with epoxy resin,"Start with 240 grit SiC, progress through 320, 400, 600",Use 6μm and 1μm diamond paste on napless cloth,Hydrofluoric acid solution or electrolytic etching,"[""240"",""320"",""400"",""600""]","[""6μm diamond"",""1μm diamond""]","[""HF Solution"",""Electrolytic""]",,,,,,,,"[""High-temperature"",""Electronics"",""Aerospace""]","[""Furnace components"",""Electronics"",""Aerospace parts""]",Refractory metal with very high melting point. Used in high-temperature applications and electronics.,published,false,93,0,0,2025-12-04 23:13:34.7156+00,2025-12-04 23:13:34.7156+00